{"stats":{"minecraft:dropped":{"alexsmobs:animal_dictionary":1,"patchouli:guide_book":1},"minecraft:picked_up":{"patchouli:guide_book":1},"minecraft:used":{"minecraft:bread":2},"minecraft:custom":{"minecraft:jump":69,"minecraft:open_chest":2,"minecraft:time_since_rest":3168,"minecraft:leave_game":1,"minecraft:sprint_one_cm":54211,"minecraft:play_time":3168,"minecraft:damage_taken":70,"minecraft:time_since_death":3168,"minecraft:walk_one_cm":20457,"minecraft:climb_one_cm":992,"minecraft:total_world_time":3168,"minecraft:fall_one_cm":3323,"minecraft:drop":2,"minecraft:fly_one_cm":25711}},"DataVersion":3465}