{"stats":{"minecraft:killed_by":{"minecraft:creeper":2,"minecraft:iron_golem":1,"minecraft:drowned":1},"minecraft:mined":{"minecraft:yellow_terracotta":9,"minecraft:cut_sandstone_slab":32,"minecraft:white_bed":7,"minecraft:mossy_cobblestone":7,"minecraft:cobblestone_stairs":9,"minecraft:jungle_leaves":124,"minecraft:red_sand":3,"minecraft:ladder":3,"minecraft:acacia_log":15,"minecraft:grass_block":1,"minecraft:jungle_planks":6,"minecraft:jungle_log":17,"minecraft:brick_stairs":17,"ecologics:coconut_leaves":32,"regions_unexplored:stone_grass_block":44,"regions_unexplored:saguaro_cactus":3,"ecologics:coconut_log":13,"minecraft:polished_diorite":14,"minecraft:sandstone":84,"minecraft:sandstone_stairs":9,"minecraft:spawner":2,"minecraft:hay_block":22,"regions_unexplored:socotra_leaves":340,"minecraft:oxidized_cut_copper":1,"minecraft:oak_trapdoor":15,"minecraft:barrel":2,"minecraft:chiseled_sandstone":1,"realmrpg_skeletons:cactus_skeleton":1,"minecraft:black_carpet":3,"regions_unexplored:blue_magnolia_flowers":1,"minecraft:fletching_table":1,"minecraft:potted_dandelion":2,"minecraft:bookshelf":10,"minecraft:cobblestone_slab":4,"minecraft:dirt_path":26,"minecraft:oak_stairs":20,"minecraft:lantern":2,"minecraft:oxidized_cut_copper_slab":2,"minecraft:black_candle":1,"minecraft:bamboo":8,"minecraft:stone":448,"regions_unexplored:palm_beard":2,"minecraft:cut_sandstone":36,"minecraft:acacia_leaves":172,"minecraft:red_bed":1,"ecologics:pot":2,"minecraft:glass_pane":2,"minecraft:red_wool":5,"regions_unexplored:pink_magnolia_flowers":2,"minecraft:stone_brick_slab":1,"minecraft:dandelion":1,"minecraft:polished_granite":21,"minecraft:oak_fence":34,"minecraft:crafting_table":1,"regions_unexplored:palm_leaves":27,"minecraft:jungle_stairs":24,"realmrpg_skeletons:basic_skeleton":1,"minecraft:oxidized_copper":1,"minecraft:melon":3,"minecraft:chest":1,"regions_unexplored:small_desert_shrub":4,"minecraft:dead_bush":1,"minecraft:campfire":1,"minecraft:tall_grass":2,"minecraft:cobblestone":42,"minecraft:oak_planks":45,"minecraft:bricks":23,"regions_unexplored:bamboo_log":15,"minecraft:skeleton_skull":2,"minecraft:chain":1,"minecraft:brick_slab":22,"regions_unexplored:socotra_log":199,"regions_unexplored:white_magnolia_flowers":4,"regions_unexplored:steppe_shrub":6,"minecraft:stone_brick_stairs":10,"minecraft:weathered_cut_copper":1,"minecraft:purple_concrete":5,"minecraft:smooth_stone_slab":5,"minecraft:grass":11,"kobolds:kobold_skull":1,"minecraft:coal_ore":23,"minecraft:oak_log":6,"ecologics:hanging_coconut":1,"regions_unexplored:bamboo_leaves":87,"regions_unexplored:palm_log":12,"minecraft:flower_pot":1,"minecraft:sand":44,"minecraft:dirt":3,"minecraft:sandstone_wall":4,"minecraft:cobweb":1,"minecraft:terracotta":1,"minecraft:oak_button":2,"minecraft:stone_bricks":33,"minecraft:oak_leaves":5,"minecraft:fern":1},"minecraft:dropped":{"minecraft:iron_ingot":32,"minecraft:iron_sword":1,"minecraft:wheat_seeds":2,"minecraft:mossy_cobblestone":1,"minecraft:oxidized_cut_copper":1,"minecraft:prismarine_shard":3,"minecraft:cobblestone":506,"minecraft:oxidized_cut_copper_slab":2,"epicfight:iron_dagger":1,"minecraft:cut_sandstone_slab":5,"paraglider:spirit_orb":3,"minecraft:stick":2,"minecraft:dirt":14,"minecraft:torch":1,"regions_unexplored:socotra_planks":1,"minecraft:cut_sandstone":10,"alexsmobs:emu_feather":2,"minecraft:sand":29,"minecraft:iron_pickaxe":1,"minecraft:oxidized_copper":3,"minecraft:chiseled_sandstone":2,"minecraft:polished_diorite":3,"ecologics:coconut_planks":18,"minecraft:iron_nugget":151,"minecraft:smooth_stone_slab":4,"minecraft:white_carpet":3,"minecraft:gunpowder":1,"ecologics:coconut_husk":16,"minecraft:acacia_sapling":2,"minecraft:weathered_cut_copper":4,"minecraft:bow":1,"minecraft:brick_slab":3,"minecraft:polished_granite":14,"epicfight:skillbook":3},"minecraft:picked_up":{"minecraft:iron_chestplate":3,"minecraft:ladder":2,"minecraft:prismarine_shard":3,"minecraft:wooden_pickaxe":1,"ecologics:seashell":1,"minecraft:lead":1,"regions_unexplored:silt_dirt":7,"aether:iron_gloves":3,"minecraft:enchanted_book":2,"minecraft:diamond_horse_armor":1,"regions_unexplored:palm_shrub":2,"minecraft:shield":2,"minecraft:red_bed":1,"minecraft:oak_trapdoor":12,"minecraft:string":10,"minecraft:iron_axe":2,"minecraft:smooth_stone_slab":12,"minecraft:iron_leggings":4,"minecraft:white_carpet":9,"alexsmobs:emu_feather":8,"minecraft:red_sand":3,"minecraft:gold_nugget":103,"minecraft:player_head":2,"minecraft:iron_nugget":172,"minecraft:iron_pickaxe":4,"minecraft:melon_slice":20,"minecraft:chest":1,"minecraft:iron_boots":4,"minecraft:sandstone":32,"minecraft:stick":56,"minecraft:stone":80,"ecologics:coconut_slice":48,"regions_unexplored:elephant_ear":2,"minecraft:oak_fence":9,"minecraft:torch":2,"minecraft:acacia_log":14,"minecraft:sandstone_wall":3,"regions_unexplored:socotra_log":143,"minecraft:rotten_flesh":1,"minecraft:cactus":1,"minecraft:arrow":14,"minecraft:jungle_stairs":28,"minecraft:hay_block":41,"ecologics:coconut_log":16,"minecraft:sandstone_stairs":3,"minecraft:yellow_terracotta":3,"alexsmobs:emu_egg":5,"minecraft:gold_ingot":37,"minecraft:brick_stairs":14,"minecraft:white_wool":1,"minecraft:cobblestone":1349,"minecraft:feather":1,"minecraft:oxidized_copper":4,"minecraft:jungle_log":32,"ecologics:coconut_planks":89,"minecraft:cut_sandstone":25,"alexsmobs:acacia_blossom":2,"minecraft:potato":2,"paraglider:spirit_orb":9,"minecraft:oak_log":6,"minecraft:gunpowder":4,"minecraft:dirt":14,"minecraft:cut_sandstone_slab":23,"minecraft:weathered_cut_copper":4,"minecraft:polished_granite":21,"minecraft:bone":16,"minecraft:red_carpet":2,"epicfight:iron_greatsword":3,"minecraft:bow":2,"minecraft:wheat_seeds":15,"minecraft:iron_ingot":156,"minecraft:cobweb":9,"minecraft:bamboo":66,"minecraft:oxidized_cut_copper":2,"minecraft:oak_planks":6,"minecraft:iron_sword":2,"minecraft:acacia_sapling":13,"regions_unexplored:bamboo_log":12,"minecraft:purple_concrete":8,"minecraft:cooked_porkchop":3,"epicfight:iron_spear":2,"minecraft:red_wool":4,"minecraft:dandelion":2,"regions_unexplored:socotra_planks":11,"minecraft:jungle_planks":6,"minecraft:sand":77,"ecologics:coconut_husk":22,"minecraft:spider_eye":1,"minecraft:chiseled_sandstone":2,"epicfight:uchigatana":3,"minecraft:oxidized_cut_copper_slab":3,"regions_unexplored:palm_log":18,"minecraft:white_bed":8,"minecraft:fermented_spider_eye":10,"minecraft:mossy_cobblestone":2,"minecraft:brick_slab":5,"minecraft:stone_axe":1,"minecraft:slime_ball":3,"regions_unexplored:socotra_sapling":15,"minecraft:polished_diorite":6,"epicfight:iron_dagger":5,"minecraft:iron_helmet":6,"minecraft:emerald":15,"minecraft:bread":78,"minecraft:terracotta":1,"minecraft:coal":32,"minecraft:bricks":1},"minecraft:custom":{"minecraft:mob_kills":33,"minecraft:interact_with_crafting_table":12,"minecraft:open_barrel":15,"minecraft:leave_game":1,"minecraft:time_since_death":4318,"minecraft:climb_one_cm":22505,"minecraft:sprint_one_cm":1014493,"minecraft:walk_one_cm":599160,"minecraft:drop":80,"minecraft:damage_dealt_absorbed":95,"minecraft:talked_to_villager":8,"minecraft:play_time":115411,"minecraft:deaths":5,"minecraft:sneak_time":2050,"minecraft:walk_under_water_one_cm":13994,"minecraft:boat_one_cm":60,"minecraft:jump":1483,"minecraft:walk_on_water_one_cm":27246,"minecraft:total_world_time":115411,"minecraft:traded_with_villager":15,"minecraft:sleep_in_bed":9,"minecraft:time_since_rest":4386,"minecraft:damage_taken":3591,"minecraft:damage_dealt":6284,"minecraft:swim_one_cm":138076,"minecraft:fly_one_cm":440835,"minecraft:player_kills":1,"minecraft:open_chest":30,"minecraft:crouch_one_cm":10189,"minecraft:fall_one_cm":33724},"minecraft:crafted":{"minecraft:oak_planks":16,"ecologics:coconut_planks":52,"regions_unexplored:socotra_boat":1,"minecraft:iron_boots":1,"minecraft:iron_axe":1,"epicfight:iron_greatsword":1,"minecraft:chest":4,"minecraft:wheat":198,"minecraft:emerald":15,"minecraft:crafting_table":2,"minecraft:iron_helmet":1,"minecraft:bread":68,"minecraft:air":0,"regions_unexplored:socotra_planks":264,"minecraft:iron_chestplate":1,"minecraft:stick":516,"minecraft:iron_pickaxe":1,"minecraft:iron_ingot":21,"minecraft:iron_leggings":1},"minecraft:used":{"alexsmobs:emu_egg":3,"minecraft:oak_trapdoor":12,"minecraft:chest":4,"minecraft:iron_sword":9,"ecologics:coconut_planks":20,"minecraft:iron_chestplate":2,"minecraft:oxidized_cut_copper":1,"minecraft:brick_slab":2,"minecraft:bricks":1,"epicfight:iron_greatsword":48,"minecraft:iron_axe":24,"minecraft:iron_helmet":4,"minecraft:iron_boots":2,"minecraft:bow":1,"minecraft:goat_horn":1,"minecraft:potato":1,"minecraft:iron_leggings":2,"minecraft:cooked_mutton":1,"epicfight:skillbook":10,"minecraft:oak_planks":15,"minecraft:ender_pearl":1,"regions_unexplored:socotra_planks":1,"minecraft:sand":1,"minecraft:crafting_table":2,"minecraft:white_bed":5,"minecraft:apple":2,"minecraft:bread":36,"minecraft:iron_pickaxe":80,"ecologics:coconut_slice":15,"minecraft:cobblestone":24,"regions_unexplored:socotra_boat":1,"minecraft:cooked_porkchop":7,"minecraft:cooked_rabbit":8,"epicfight:uchigatana":42},"minecraft:killed":{"guardvillagers:guard":1,"minecraft:spider":1,"minecraft:skeleton":4,"ecologics:coconut_crab":3,"minecraft:drowned":1,"alexsmobs:kangaroo":3,"cataclysm:deepling_angler":1,"minecraft:husk":6,"alexsmobs:seal":1,"kobolds:kobold_skeleton":2,"alexsmobs:emu":6,"minecraft:sheep":1,"minecraft:pillager":2,"alexsmobs:gazelle":1}},"DataVersion":3465}