{"stats":{"minecraft:used":{"minecraft:water_bucket":15,"minecraft:diorite":13,"minecraft:stone_pickaxe":259,"minecraft:baked_potato":4,"minecraft:chest":4,"minecraft:wooden_pickaxe":11,"minecraft:cherry_planks":5,"minecraft:iron_sword":3,"valhelsia_structures:light_gray_sleeping_bag":4,"minecraft:torch":129,"minecraft:crafting_table":4,"minecraft:carrot":32,"wom:stone_staff":30,"minecraft:dark_oak_planks":3,"alexsmobs:maggot":2,"minecraft:apple":2,"minecraft:dark_oak_log":5,"minecraft:melon_slice":5,"minecraft:bread":33,"minecraft:iron_pickaxe":573,"wom:iron_staff":299,"minecraft:rabbit_stew":1,"minecraft:stone_axe":17,"minecraft:cobblestone":61,"minecraft:furnace":4,"minecraft:bucket":16,"alexsmobs:leafcutter_ant_chamber":1,"minecraft:potato":7,"minecraft:chainmail_leggings":1},"minecraft:crafted":{"minecraft:cherry_planks":108,"minecraft:crafting_table":4,"wom:stone_staff":1,"minecraft:dark_oak_wood":3,"minecraft:wooden_pickaxe":1,"minecraft:baked_potato":11,"minecraft:furnace":4,"minecraft:bucket":1,"minecraft:stone_axe":1,"minecraft:air":0,"minecraft:stick":60,"minecraft:iron_ingot":28,"minecraft:iron_pickaxe":3,"minecraft:stone_pickaxe":2,"minecraft:chest":4,"wom:iron_staff":2,"minecraft:dark_oak_planks":56,"minecraft:torch":148},"minecraft:broken":{"minecraft:stone_pickaxe":1,"minecraft:iron_pickaxe":2},"minecraft:custom":{"minecraft:interact_with_furnace":17,"minecraft:mob_kills":21,"minecraft:interact_with_crafting_table":21,"minecraft:open_barrel":10,"minecraft:leave_game":18,"minecraft:time_since_death":34665,"minecraft:sleep_in_bed":3,"minecraft:climb_one_cm":4689,"minecraft:time_since_rest":3982,"minecraft:damage_taken":3027,"minecraft:walk_one_cm":493404,"minecraft:sprint_one_cm":333653,"minecraft:drop":18,"minecraft:damage_dealt":7244,"minecraft:swim_one_cm":19095,"minecraft:fly_one_cm":226895,"minecraft:open_chest":8,"minecraft:crouch_one_cm":76131,"minecraft:play_time":110711,"minecraft:deaths":2,"minecraft:sneak_time":11562,"minecraft:walk_under_water_one_cm":1356,"minecraft:jump":1467,"minecraft:walk_on_water_one_cm":6627,"minecraft:total_world_time":110711,"minecraft:fall_one_cm":32761},"minecraft:dropped":{"regions_unexplored:tall_blue_bioshroom":2,"minecraft:wheat_seeds":52,"minecraft:bowl":1,"minecraft:birch_sapling":1,"minecraft:cobblestone":6,"minecraft:rotten_flesh":2,"minecraft:carrot":22,"minecraft:pumpkin_seeds":2,"wom:stone_staff":1,"regions_unexplored:blackwood_sapling":1,"minecraft:beetroot_seeds":6,"minecraft:cherry_planks":57,"minecraft:jungle_sapling":1,"minecraft:egg":1},"minecraft:killed":{"minecraft:pillager":3,"minecraft:zombie":9,"alexsmobs:leafcutter_ant":3,"minecraft:chicken":2,"alexsmobs:fly":1,"minecraft:cow":1,"minecraft:enderman":1},"minecraft:picked_up":{"minecraft:magma_block":2,"minecraft:feather":3,"minecraft:chicken":2,"minecraft:cherry_planks":57,"minecraft:clay_ball":92,"minecraft:wooden_pickaxe":1,"minecraft:potato":64,"jeg:scrap":70,"minecraft:gunpowder":2,"skilltree:gem":49,"minecraft:lapis_lazuli":48,"minecraft:dirt":3,"minecraft:raw_copper":116,"epicsamurai:jade":5,"minecraft:blackstone":2,"minecraft:apple":2,"minecraft:wheat_seeds":168,"minecraft:cobbled_deepslate":9,"minecraft:stone_pickaxe":1,"minecraft:beef":2,"minecraft:jungle_sapling":1,"minecraft:iron_nugget":6,"minecraft:melon_slice":10,"minecraft:iron_sword":1,"valhelsia_structures:light_gray_sleeping_bag":5,"jeg:tech_trash":3,"minecraft:moss_block":3,"minecraft:birch_sapling":1,"epicsamurai:raw_silver":5,"alexsmobs:leafcutter_ant_chamber":1,"minecraft:egg":1,"regions_unexplored:tall_blue_bioshroom":2,"minecraft:dark_oak_sapling":25,"minecraft:stick":32,"minecraft:raw_iron":109,"regions_unexplored:ash_vent":1,"minecraft:torch":4,"epicfight:skillbook":1,"minecraft:gravel":7,"minecraft:cherry_log":56,"minecraft:diorite":63,"minecraft:carrot":57,"minecraft:dark_oak_log":51,"minecraft:redstone":27,"regions_unexplored:dusktrap":1,"minecraft:rotten_flesh":9,"minecraft:beetroot_seeds":5,"regions_unexplored:blackwood_sapling":1,"minecraft:hay_block":3,"minecraft:cherry_sapling":36,"minecraft:bread":35,"minecraft:baked_potato":4,"alexsmobs:maggot":2,"minecraft:chorus_fruit":1,"minecraft:coal":162,"minecraft:snowball":16,"minecraft:cobblestone":414},"minecraft:mined":{"minecraft:deepslate_redstone_ore":2,"valhelsia_structures:light_gray_sleeping_bag":5,"jeg:scrap_ore":24,"minecraft:blackstone":2,"minecraft:sculk_vein":1,"regions_unexplored:dusktrap":1,"minecraft:powder_snow":3,"minecraft:clay":23,"minecraft:torch":2,"minecraft:melon":2,"alexsmobs:leafcutter_ant_chamber":1,"minecraft:stone_slab":1,"minecraft:copper_ore":34,"minecraft:cobblestone":12,"minecraft:lapis_ore":4,"minecraft:diorite":45,"minecraft:wall_torch":2,"minecraft:hay_block":3,"jeg:deepslate_scrap_ore":9,"epicsamurai:deepslate_jade_ore":5,"minecraft:magma_block":2,"minecraft:redstone_ore":4,"minecraft:sculk_catalyst":1,"minecraft:iron_ore":99,"treechop:chopped_log":2,"minecraft:deepslate_lapis_ore":4,"minecraft:grass":1,"minecraft:coal_ore":162,"minecraft:deepslate_iron_ore":10,"epicsamurai:deepslate_silver_ore":5,"minecraft:gravel":5,"regions_unexplored:ash_vent":1,"regions_unexplored:blackwood_leaves":3,"minecraft:stone":390,"minecraft:oak_leaves":1,"minecraft:deepslate":9}},"DataVersion":3465}