{"stats":{"minecraft:mined":{"valhelsia_structures:light_gray_sleeping_bag":3,"minecraft:white_bed":1,"regions_unexplored:magnolia_log":8,"minecraft:grass_block":1,"biomesoplenty:flowering_oak_leaves":1,"minecraft:spawner":1,"valhelsia_structures:brown_sleeping_bag":2,"minecraft:hay_block":11,"biomesoplenty:jacaranda_log":30,"minecraft:iron_ore":5,"minecraft:acacia_wood":9,"biomesoplenty:lavender":9,"minecraft:pumpkin":1,"minecraft:vine":1,"biomesoplenty:barley":79,"minecraft:stone":64,"biomesoplenty:jacaranda_leaves":4,"jeg:scrap_ore":16,"minecraft:melon":1,"minecraft:tall_grass":1,"minecraft:cyan_bed":2,"minecraft:oak_planks":2,"minecraft:beehive":1,"minecraft:wheat":1,"minecraft:tnt":2,"minecraft:grass":32,"minecraft:coal_ore":70,"minecraft:oak_log":21,"minecraft:dirt":1},"minecraft:crafted":{"minecraft:cooked_chicken":4,"minecraft:furnace":1,"minecraft:cooked_mutton":2,"minecraft:stone_pickaxe":2,"regions_unexplored:magnolia_planks":28,"minecraft:wheat":99,"minecraft:cooked_beef":15,"epicfight:stone_spear":1,"biomesoplenty:jacaranda_planks":20,"minecraft:cooked_porkchop":7,"minecraft:crafting_table":3,"minecraft:wooden_pickaxe":1,"minecraft:stone_axe":1,"minecraft:air":0,"minecraft:bread":32,"minecraft:stick":20,"minecraft:stone_sword":1,"minecraft:white_bed":1,"minecraft:acacia_planks":32,"minecraft:torch":16},"minecraft:killed":{"alexsmobs:raccoon":1,"minecraft:vindicator":1,"alexsmobs:tasmanian_devil":1,"minecraft:chicken":4,"spawn:ant":1,"minecraft:pig":1,"minecraft:sheep":5,"minecraft:pillager":2,"minecraft:zombie":1,"minecraft:cow":11},"minecraft:picked_up":{"minecraft:fishing_rod":1,"minecraft:wheat":2,"minecraft:chicken":4,"regions_unexplored:magnolia_log":7,"minecraft:wooden_pickaxe":6,"valhelsia_structures:brown_sleeping_bag":3,"minecraft:golden_sword":1,"minecraft:string":5,"minecraft:raw_copper":4,"minecraft:iron_axe":1,"minecraft:gold_nugget":52,"minecraft:beef":33,"alexsmobs:raccoon_tail":1,"minecraft:melon_slice":6,"valhelsia_structures:light_gray_sleeping_bag":3,"minecraft:egg":1,"minecraft:stick":24,"minecraft:beehive":1,"minecraft:raw_iron":10,"minecraft:torch":54,"epicfight:skillbook":1,"minecraft:fire_charge":4,"minecraft:porkchop":7,"minecraft:carrot":1,"minecraft:tnt":4,"minecraft:rotten_flesh":3,"minecraft:cooked_cod":1,"biomesoplenty:jacaranda_log":30,"minecraft:hay_block":11,"minecraft:saddle":2,"minecraft:gold_ingot":5,"minecraft:mutton":20,"minecraft:obsidian":4,"minecraft:white_wool":9,"minecraft:cobblestone":91,"biomesoplenty:lavender":82,"epicfight:stone_spear":1,"minecraft:feather":2,"minecraft:cooked_beef":1,"epicsamurai:spirit_upgrade_smithing_template":2,"minecraft:golden_carrot":2,"minecraft:water_bucket":2,"minecraft:leather":14,"regions_unexplored:white_magnolia_shrub":2,"minecraft:acacia_wood":9,"minecraft:potato":3,"paraglider:spirit_orb":2,"minecraft:oak_log":42,"jeg:scrap":80,"minecraft:gunpowder":10,"minecraft:dirt":13,"minecraft:bone":1,"minecraft:acacia_planks":15,"minecraft:wheat_seeds":96,"minecraft:iron_ingot":19,"minecraft:stone_pickaxe":1,"minecraft:mossy_stone_bricks":1,"minecraft:oak_planks":3,"jeg:tech_trash":10,"minecraft:cooked_porkchop":2,"minecraft:pumpkin":1,"wom:wooden_staff":4,"patchouli:guide_book":4,"minecraft:stone_brick_slab":2,"minecraft:white_bed":2,"minecraft:cyan_bed":2,"minecraft:diamond":2,"minecraft:stone_axe":1,"minecraft:crossbow":2,"minecraft:gray_wool":1,"minecraft:bread":41,"minecraft:emerald":10,"minecraft:coal":135},"minecraft:used":{"valhelsia_structures:light_gray_sleeping_bag":2,"minecraft:cooked_chicken":3,"minecraft:torch":1,"minecraft:carrot":2,"minecraft:beehive":1,"minecraft:iron_axe":97,"biomesoplenty:jacaranda_log":8,"minecraft:cooked_beef":5,"minecraft:acacia_planks":2,"minecraft:cooked_mutton":2,"epicfight:skillbook":1,"minecraft:stone_pickaxe":140,"minecraft:wooden_pickaxe":16,"minecraft:crafting_table":3,"minecraft:white_bed":1,"biomesoplenty:jacaranda_planks":1,"epicfight:stone_spear":33,"minecraft:apple":5,"minecraft:cyan_bed":2,"minecraft:bread":12,"valhelsia_structures:brown_sleeping_bag":1,"wom:wooden_staff":88,"minecraft:stone_axe":14,"minecraft:fishing_rod":2,"minecraft:cobblestone":20,"minecraft:cooked_porkchop":5},"minecraft:custom":{"minecraft:mob_kills":28,"minecraft:interact_with_crafting_table":12,"minecraft:open_barrel":18,"minecraft:eat_cake_slice":3,"minecraft:leave_game":2,"minecraft:time_since_death":18624,"minecraft:climb_one_cm":5849,"minecraft:sprint_one_cm":666831,"minecraft:walk_one_cm":461902,"minecraft:drop":41,"minecraft:damage_dealt_absorbed":108,"minecraft:talked_to_villager":1,"minecraft:play_time":73463,"minecraft:deaths":2,"minecraft:sneak_time":600,"minecraft:walk_under_water_one_cm":17465,"minecraft:jump":828,"minecraft:walk_on_water_one_cm":31231,"minecraft:total_world_time":73463,"minecraft:interact_with_furnace":7,"minecraft:sleep_in_bed":5,"minecraft:time_since_rest":588,"minecraft:damage_taken":1718,"minecraft:damage_dealt":3345,"minecraft:swim_one_cm":151410,"minecraft:fly_one_cm":258100,"minecraft:open_chest":18,"minecraft:crouch_one_cm":2866,"minecraft:interact_with_smoker":5,"minecraft:fall_one_cm":12380},"minecraft:dropped":{"minecraft:bread":12,"wom:wooden_staff":2,"minecraft:cooked_beef":4,"biomesoplenty:lavender":50,"minecraft:cobblestone":6,"jeg:scrap":3,"minecraft:stick":2,"minecraft:dirt":13,"minecraft:gray_wool":1,"minecraft:torch":27,"minecraft:stone_axe":1,"alexsmobs:animal_dictionary":1,"minecraft:wheat":2,"minecraft:rotten_flesh":2,"patchouli:guide_book":3,"minecraft:wooden_pickaxe":2}},"DataVersion":3465}