{"stats":{"minecraft:crafted":{"regions_unexplored:redwood_planks":28,"minecraft:raw_iron":45,"minecraft:coal":27,"minecraft:iron_axe":2,"minecraft:crafting_table":1,"wom:iron_greataxe":1,"minecraft:stick":8,"minecraft:iron_ingot":17,"minecraft:iron_sword":1,"wom:iron_staff":1,"minecraft:air":0,"minecraft:cooked_mutton":4},"minecraft:mined":{"minecraft:large_fern":14,"minecraft:raw_iron_block":5,"minecraft:iron_ore":4,"minecraft:fire":1,"regions_unexplored:redwood_leaves":1,"regions_unexplored:sandy_grass":1,"minecraft:grass":34,"minecraft:poppy":1,"minecraft:coal_block":3,"minecraft:tall_grass":1,"regions_unexplored:medium_grass":8,"realmrpg_skeletons:quicksand_skeleton":1,"regions_unexplored:redwood_log":92,"minecraft:white_wool":1,"minecraft:fern":15},"minecraft:used":{"minecraft:iron_axe":88,"minecraft:iron_pickaxe":12,"minecraft:iron_helmet":1,"minecraft:cooked_chicken":2,"minecraft:iron_chestplate":1,"minecraft:white_wool":1,"alexsmobs:animal_dictionary":1,"minecraft:iron_leggings":1,"wom:iron_greataxe":1},"minecraft:dropped":{"alexsmobs:animal_dictionary":1,"minecraft:sand":6,"patchouli:guide_book":1},"minecraft:picked_up":{"minecraft:stick":2,"minecraft:raw_iron":4,"minecraft:raw_iron_block":5,"minecraft:sand":6,"minecraft:wheat_seeds":3,"minecraft:poppy":1,"minecraft:coal_block":3,"minecraft:mutton":4,"minecraft:skeleton_skull":1,"minecraft:white_wool":4,"regions_unexplored:redwood_log":91},"minecraft:killed":{"minecraft:sheep":3},"minecraft:custom":{"minecraft:time_since_rest":5574,"minecraft:interact_with_furnace":8,"minecraft:sprint_one_cm":91194,"minecraft:damage_taken":20,"minecraft:walk_one_cm":170125,"minecraft:mob_kills":3,"minecraft:interact_with_anvil":1,"minecraft:drop":3,"minecraft:damage_dealt":240,"minecraft:interact_with_crafting_table":2,"minecraft:talked_to_villager":3,"minecraft:fly_one_cm":74777,"minecraft:open_barrel":2,"minecraft:open_chest":8,"minecraft:crouch_one_cm":2731,"minecraft:play_time":20700,"minecraft:sneak_time":612,"minecraft:jump":271,"minecraft:interact_with_blast_furnace":2,"minecraft:leave_game":1,"minecraft:sleep_in_bed":1,"minecraft:time_since_death":20700,"minecraft:total_world_time":20700,"minecraft:climb_one_cm":3605,"minecraft:fall_one_cm":6606}},"DataVersion":3465}