{"stats":{"minecraft:crafted":{"minecraft:oak_planks":60,"aether:iron_ring":1,"minecraft:raw_iron":135,"minecraft:furnace":1,"aether:golden_ring":1,"minecraft:iron_boots":1,"minecraft:iron_axe":1,"minecraft:stone_pickaxe":1,"minecraft:chest":4,"minecraft:wheat":144,"minecraft:crafting_table":3,"minecraft:wooden_pickaxe":1,"minecraft:iron_helmet":1,"minecraft:bread":48,"minecraft:air":0,"minecraft:oak_boat":3,"minecraft:iron_chestplate":1,"minecraft:shield":2,"minecraft:stick":28,"minecraft:iron_ingot":81,"minecraft:iron_leggings":1,"wom:iron_staff":4,"minecraft:torch":72},"minecraft:mined":{"beautify:botanist_workbench":3,"minecraft:spruce_planks":1,"minecraft:mossy_cobblestone":2,"minecraft:brewing_stand":1,"epicsamurai:deepslate_ruby_ore":1,"epicsamurai:silver_ore":7,"minecraft:grass_block":4,"minecraft:spawner":9,"minecraft:hay_block":16,"minecraft:tall_seagrass":1,"minecraft:redstone_ore":11,"minecraft:raw_iron_block":15,"minecraft:iron_ore":16,"minecraft:deepslate_iron_ore":8,"epicsamurai:deepslate_silver_ore":4,"regions_unexplored:medium_grass":6,"minecraft:stone":97,"minecraft:deepslate_redstone_ore":5,"jeg:scrap_ore":8,"minecraft:cyan_terracotta":1,"minecraft:torch":3,"minecraft:polished_andesite_stairs":1,"minecraft:lectern":1,"minecraft:copper_ore":14,"minecraft:tall_grass":4,"minecraft:cobblestone":12,"minecraft:lapis_ore":5,"minecraft:oak_planks":1,"minecraft:deepslate_copper_ore":1,"jeg:deepslate_scrap_ore":2,"minecraft:purple_bed":7,"minecraft:dark_oak_slab":1,"minecraft:sweet_berry_bush":4,"minecraft:spruce_log":46,"minecraft:smooth_stone_slab":2,"minecraft:grass":16,"minecraft:coal_ore":43,"minecraft:oak_log":15,"minecraft:gravel":4,"minecraft:dirt":12,"minecraft:smooth_basalt":2,"minecraft:raw_copper_block":12,"minecraft:oak_button":1,"epicsamurai:ruby_ore":6,"minecraft:oak_leaves":7,"minecraft:deepslate":2,"minecraft:fern":6},"minecraft:used":{"minecraft:iron_shovel":5,"minecraft:chest":4,"minecraft:shield":2,"minecraft:oak_door":1,"minecraft:torch":66,"minecraft:dirt":4,"minecraft:carrot":8,"minecraft:salmon_bucket":1,"wom:iron_greataxe":1,"alexsmobs:maggot":2,"minecraft:iron_axe":74,"minecraft:iron_helmet":2,"minecraft:iron_boots":1,"wom:iron_staff":328,"minecraft:furnace":1,"minecraft:golden_boots":1,"minecraft:water_bucket":2,"epicfight:skillbook":1,"minecraft:stone_pickaxe":11,"minecraft:oak_planks":10,"minecraft:wooden_pickaxe":25,"beautify:botanist_workbench":3,"beautify:hanging_pot":2,"minecraft:mossy_cobblestone":1,"minecraft:crafting_table":3,"minecraft:bread":45,"minecraft:iron_pickaxe":277,"minecraft:suspicious_stew":1,"minecraft:gravel":9,"ecologics:coconut_slice":4,"minecraft:cobblestone":38,"minecraft:purple_bed":7,"minecraft:bucket":3,"minecraft:smooth_stone_slab":2,"minecraft:oak_boat":3},"minecraft:killed_by":{"minecraft:player":1},"minecraft:dropped":{"minecraft:golden_boots":2,"minecraft:wheat_seeds":13,"minecraft:mossy_cobblestone":2,"minecraft:horn_coral_block":13,"minecraft:iron_helmet":1,"wom:iron_greataxe":1,"minecraft:cyan_terracotta":1,"minecraft:dirt":5,"minecraft:spruce_sapling":1,"minecraft:bone":1,"minecraft:sweet_berries":2,"alexsmobs:animal_dictionary":1,"minecraft:raw_copper":1,"minecraft:bowl":1,"minecraft:oak_planks":38,"minecraft:fern":2,"minecraft:salmon":1,"wom:iron_staff":1,"patchouli:guide_book":2,"minecraft:shield":1,"minecraft:oak_button":1,"minecraft:horn_coral_fan":14,"minecraft:golden_leggings":1,"ecologics:coconut_husk":4,"minecraft:oak_sapling":3,"minecraft:spruce_log":28,"minecraft:stone_pickaxe":1,"minecraft:wooden_pickaxe":2},"minecraft:picked_up":{"minecraft:iron_chestplate":2,"minecraft:wheat":13,"minecraft:suspicious_stew":1,"aether:iron_gloves":1,"minecraft:lead":1,"minecraft:wooden_pickaxe":1,"minecraft:enchanted_book":1,"minecraft:brewing_stand":1,"minecraft:shield":3,"minecraft:raw_copper":127,"minecraft:iron_axe":3,"minecraft:smooth_stone_slab":2,"minecraft:flint_and_steel":1,"minecraft:iron_leggings":4,"minecraft:iron_shovel":2,"minecraft:experience_bottle":3,"minecraft:gold_nugget":18,"minecraft:cobbled_deepslate":4,"minecraft:spruce_planks":1,"minecraft:horn_coral_block":13,"minecraft:beef":4,"minecraft:iron_nugget":1,"minecraft:iron_pickaxe":5,"minecraft:lectern":1,"minecraft:raw_copper_block":15,"ecologics:crab_claw":2,"minecraft:iron_boots":3,"minecraft:raw_iron":46,"minecraft:stick":8,"minecraft:oak_door":1,"ecologics:coconut_slice":10,"minecraft:torch":46,"epicfight:skillbook":1,"aether:golden_gloves":3,"minecraft:carrot":5,"minecraft:redstone":146,"minecraft:horn_coral_fan":14,"minecraft:rotten_flesh":47,"beautify:botanist_workbench":3,"minecraft:hay_block":16,"minecraft:cyan_terracotta":1,"minecraft:saddle":1,"minecraft:gold_ingot":23,"aether:iron_ring":1,"minecraft:glow_berries":4,"minecraft:cobblestone":163,"epicsamurai:kitsune_tail":1,"epicsamurai:kitsune_hide":1,"minecraft:water_bucket":2,"minecraft:salmon":1,"minecraft:fern":2,"minecraft:leather":4,"minecraft:golden_leggings":2,"wom:iron_greataxe":2,"minecraft:potato":22,"paraglider:spirit_orb":24,"minecraft:oak_log":15,"jeg:scrap":32,"minecraft:golden_boots":2,"minecraft:gunpowder":2,"minecraft:lapis_lazuli":74,"minecraft:dirt":21,"minecraft:bone":2,"minecraft:apple":1,"minecraft:wheat_seeds":39,"minecraft:iron_ingot":27,"jeg:tech_trash":4,"epicsamurai:raw_silver":22,"minecraft:oak_planks":141,"minecraft:acacia_sapling":4,"epicsamurai:silver_ingot":4,"minecraft:polished_andesite_stairs":2,"minecraft:smooth_basalt":4,"minecraft:dark_oak_slab":1,"minecraft:sweet_berries":4,"patchouli:guide_book":1,"wom:iron_staff":5,"minecraft:raw_iron_block":15,"minecraft:gravel":9,"minecraft:spruce_sapling":1,"minecraft:spruce_log":43,"minecraft:mossy_cobblestone":5,"minecraft:iron_hoe":1,"minecraft:pumpkin_seeds":2,"minecraft:purple_bed":8,"aether:golden_ring":1,"minecraft:iron_helmet":5,"minecraft:emerald":39,"minecraft:bread":53,"minecraft:oak_button":1,"alexsmobs:maggot":2,"epicsamurai:ruby":14,"minecraft:oak_sapling":3,"minecraft:coal":83,"epicsamurai:spirit_flame":7},"minecraft:killed":{"epicsamurai:onibi":3,"minecraft:skeleton":1,"ecologics:coconut_crab":2,"epicsamurai:kitsune":1,"minecraft:creeper":1,"minecraft:zombie":27,"epicsamurai:komainu":1,"minecraft:cow":1},"minecraft:custom":{"minecraft:mob_kills":37,"minecraft:interact_with_crafting_table":18,"minecraft:open_barrel":9,"minecraft:leave_game":1,"minecraft:time_since_death":546,"minecraft:climb_one_cm":8271,"minecraft:sprint_one_cm":705957,"minecraft:walk_one_cm":547659,"minecraft:damage_blocked_by_shield":80,"minecraft:drop":33,"minecraft:damage_dealt_absorbed":118,"minecraft:talked_to_villager":6,"minecraft:play_time":115045,"minecraft:deaths":6,"minecraft:sneak_time":2685,"minecraft:walk_under_water_one_cm":67243,"minecraft:boat_one_cm":20,"minecraft:jump":1156,"minecraft:walk_on_water_one_cm":59160,"minecraft:total_world_time":115045,"minecraft:interact_with_furnace":30,"minecraft:sleep_in_bed":8,"minecraft:time_since_rest":588,"minecraft:damage_taken":3786,"minecraft:damage_dealt":7899,"minecraft:swim_one_cm":338423,"minecraft:fly_one_cm":307581,"minecraft:open_chest":71,"minecraft:crouch_one_cm":13295,"minecraft:interact_with_smoker":1,"minecraft:fall_one_cm":21220}},"DataVersion":3465}