{"stats":{"minecraft:killed_by":{"minecraft:skeleton":1,"minecraft:creeper":1},"minecraft:picked_up":{"minecraft:bone":2,"minecraft:arrow":2},"minecraft:custom":{"minecraft:jump":59,"minecraft:time_since_rest":678,"minecraft:deaths":2,"minecraft:damage_dealt":417,"minecraft:crouch_one_cm":428,"minecraft:sprint_one_cm":49554,"minecraft:leave_game":10,"minecraft:play_time":2975,"minecraft:damage_taken":705,"minecraft:time_since_death":648,"minecraft:walk_one_cm":21823,"minecraft:sneak_time":53,"minecraft:total_world_time":2975,"minecraft:mob_kills":3,"minecraft:fall_one_cm":1103,"minecraft:fly_one_cm":26562},"minecraft:killed":{"minecraft:skeleton":1,"minecraft:zombie":1}},"DataVersion":3465}