{"stats":{"minecraft:picked_up":{"minecraft:wheat_seeds":5,"minecraft:dandelion":3,"minecraft:cornflower":1,"minecraft:oxeye_daisy":1},"minecraft:mined":{"minecraft:grass":42,"minecraft:tall_grass":11,"minecraft:dandelion":4,"minecraft:oxeye_daisy":1,"minecraft:cornflower":1},"minecraft:custom":{"minecraft:time_since_rest":7884,"minecraft:crouch_one_cm":533,"minecraft:play_time":7884,"minecraft:sprint_one_cm":23262,"minecraft:damage_taken":150,"minecraft:walk_one_cm":36211,"minecraft:sneak_time":149,"minecraft:walk_under_water_one_cm":1333,"minecraft:jump":286,"minecraft:leave_game":1,"minecraft:time_since_death":7884,"minecraft:walk_on_water_one_cm":8460,"minecraft:total_world_time":7884,"minecraft:fly_one_cm":47943,"minecraft:swim_one_cm":5285,"minecraft:fall_one_cm":10293}},"DataVersion":3465}