{"stats":{"minecraft:killed":{"minecraft:zombie":1},"minecraft:picked_up":{"minecraft:stick":5,"minecraft:wheat_seeds":1,"minecraft:spruce_sapling":1,"minecraft:spruce_log":2},"minecraft:used":{"minecraft:spruce_log":1},"minecraft:killed_by":{"minecraft:skeleton":3,"minecraft:stray":4,"minecraft:zombie":1},"minecraft:custom":{"minecraft:time_since_rest":1014,"minecraft:crouch_one_cm":2018,"minecraft:play_time":7064,"minecraft:sprint_one_cm":75751,"minecraft:walk_one_cm":48187,"minecraft:damage_taken":2170,"minecraft:deaths":8,"minecraft:sneak_time":182,"minecraft:walk_under_water_one_cm":1122,"minecraft:mob_kills":1,"minecraft:jump":155,"minecraft:leave_game":1,"minecraft:damage_dealt":335,"minecraft:walk_on_water_one_cm":804,"minecraft:time_since_death":985,"minecraft:total_world_time":7064,"minecraft:swim_one_cm":17422,"minecraft:fall_one_cm":8047,"minecraft:fly_one_cm":81520},"minecraft:mined":{"minecraft:packed_ice":2,"minecraft:ice":4,"minecraft:spruce_leaves":90,"minecraft:spruce_log":13,"regions_unexplored:icicle":2,"regions_unexplored:frozen_grass":3}},"DataVersion":3465}