{"stats":{"minecraft:picked_up":{"minecraft:wooden_axe":2,"minecraft:iron_chestplate":5,"minecraft:wheat":19,"minecraft:suspicious_stew":1,"minecraft:wooden_pickaxe":1,"minecraft:shield":3,"minecraft:cod_bucket":4,"minecraft:string":2,"minecraft:iron_axe":1,"minecraft:raw_copper":109,"minecraft:iron_leggings":4,"skilltree:assassin_necklace":1,"immersive_aircraft:propeller":3,"minecraft:cobbled_deepslate":45,"minecraft:smooth_stone":2,"minecraft:spruce_planks":8,"minecraft:iron_pickaxe":10,"minecraft:furnace":1,"minecraft:piston":4,"minecraft:raw_copper_block":3,"minecraft:iron_boots":4,"minecraft:golden_helmet":3,"minecraft:stick":11,"minecraft:raw_iron":100,"ecologics:coconut_slice":8,"minecraft:copper_ingot":47,"minecraft:torch":18,"minecraft:cookie":4,"minecraft:redstone":57,"minecraft:arrow":2,"minecraft:glow_berries":35,"minecraft:mutton":2,"minecraft:cobblestone":651,"epicsamurai:kitsune_tail":1,"epicsamurai:kitsune_hide":1,"minecraft:salmon":3,"minecraft:potato":35,"wom:iron_greataxe":3,"minecraft:flint":3,"minecraft:oak_log":16,"jeg:scrap":65,"minecraft:gunpowder":3,"minecraft:lapis_lazuli":42,"minecraft:dirt":2,"minecraft:bone":21,"minecraft:wheat_seeds":43,"minecraft:stone_pickaxe":1,"minecraft:iron_ingot":190,"minecraft:prismarine":14,"minecraft:oak_planks":110,"epicsamurai:raw_silver":10,"minecraft:acacia_sapling":4,"jeg:tech_trash":4,"minecraft:sweet_berries":55,"patchouli:guide_book":1,"wom:iron_staff":7,"immersive_aircraft:boiler":1,"minecraft:raw_iron_block":1,"minecraft:gravel":8,"ecologics:coconut_husk":22,"minecraft:spruce_sapling":2,"minecraft:spruce_log":97,"minecraft:spider_eye":1,"minecraft:mossy_cobblestone":4,"minecraft:pumpkin_seeds":2,"minecraft:purple_bed":2,"minecraft:diamond":2,"minecraft:iron_helmet":2,"minecraft:bread":37,"minecraft:oak_sapling":3,"minecraft:coal":14},"minecraft:used":{"minecraft:iron_chestplate":2,"minecraft:torch":41,"minecraft:mutton":1,"wom:iron_greataxe":18,"minecraft:iron_axe":74,"minecraft:iron_boots":1,"wom:iron_staff":155,"minecraft:sweet_berries":104,"minecraft:furnace":1,"immersive_aircraft:biplane":1,"minecraft:potato":41,"minecraft:iron_leggings":1,"minecraft:golden_boots":1,"minecraft:stone_pickaxe":148,"minecraft:oak_planks":10,"minecraft:wooden_pickaxe":15,"beautify:hanging_pot":1,"minecraft:cookie":4,"minecraft:salmon":2,"minecraft:glow_berries":53,"minecraft:spruce_log":3,"minecraft:apple":1,"minecraft:bread":1,"minecraft:iron_pickaxe":171,"ecologics:coconut_slice":2,"minecraft:cobblestone":11,"minecraft:purple_bed":1},"minecraft:killed":{"alexsmobs:tiger":1,"minecraft:spider":3,"minecraft:skeleton":2,"ecologics:coconut_crab":1,"minecraft:sheep":1},"minecraft:broken":{"minecraft:stone_pickaxe":1},"minecraft:dropped":{"minecraft:stick":1,"minecraft:iron_pickaxe":2,"epicsamurai:silver_ingot":4,"minecraft:oak_planks":62,"wom:iron_staff":1,"minecraft:gunpowder":1},"minecraft:mined":{"minecraft:mossy_cobblestone":2,"minecraft:deepslate_diamond_ore":1,"epicsamurai:silver_ore":4,"minecraft:grass_block":1,"minecraft:spruce_leaves":9,"biomesoplenty:dune_grass":3,"minecraft:raw_iron_block":1,"minecraft:furnace":1,"minecraft:iron_ore":28,"biomesoplenty:sea_oats":18,"minecraft:potatoes":5,"regions_unexplored:medium_grass":13,"minecraft:stone":220,"minecraft:deepslate_redstone_ore":5,"jeg:scrap_ore":7,"minecraft:torch":2,"minecraft:tall_grass":14,"minecraft:copper_ore":5,"minecraft:cobblestone":12,"minecraft:lapis_ore":2,"jeg:deepslate_scrap_ore":4,"minecraft:purple_bed":2,"minecraft:wheat":23,"minecraft:sweet_berry_bush":13,"minecraft:spruce_log":10,"realmrpg_skeletons:acrobat_skeleton":1,"minecraft:pumpkin_stem":2,"minecraft:grass":50,"minecraft:oak_log":16,"minecraft:coal_ore":9,"minecraft:gravel":3,"minecraft:raw_copper_block":6,"minecraft:oak_leaves":24,"minecraft:deepslate":15,"minecraft:fern":7},"minecraft:custom":{"minecraft:mob_kills":8,"minecraft:interact_with_crafting_table":52,"minecraft:leave_game":4,"minecraft:time_since_death":10691,"minecraft:climb_one_cm":2307,"minecraft:sprint_one_cm":672623,"minecraft:walk_one_cm":515459,"minecraft:drop":7,"minecraft:damage_dealt_absorbed":102,"minecraft:talked_to_villager":3,"minecraft:play_time":131860,"minecraft:deaths":8,"minecraft:sneak_time":174,"minecraft:walk_under_water_one_cm":43686,"minecraft:boat_one_cm":49519,"minecraft:jump":1706,"minecraft:walk_on_water_one_cm":50567,"minecraft:total_world_time":131860,"minecraft:interact_with_furnace":41,"minecraft:traded_with_villager":1,"minecraft:sleep_in_bed":10,"minecraft:time_since_rest":1316,"minecraft:damage_taken":2907,"minecraft:damage_dealt":2295,"minecraft:swim_one_cm":135637,"minecraft:fly_one_cm":475562,"minecraft:player_kills":1,"minecraft:open_chest":52,"minecraft:crouch_one_cm":1407,"minecraft:fall_one_cm":43531},"minecraft:crafted":{"immersive_aircraft:engine":1,"minecraft:smooth_stone":8,"minecraft:oak_planks":64,"minecraft:raw_iron":9,"epicsamurai:silver_ingot":4,"beautify:hanging_pot":1,"minecraft:furnace":4,"minecraft:blast_furnace":2,"immersive_aircraft:biplane":1,"minecraft:piston":3,"minecraft:stone":8,"minecraft:iron_boots":2,"minecraft:raw_copper":27,"minecraft:iron_axe":1,"wom:iron_greataxe":1,"immersive_aircraft:hull":4,"minecraft:stone_pickaxe":1,"immersive_aircraft:steel_boiler":1,"immersive_aircraft:boiler":2,"minecraft:spruce_planks":68,"minecraft:wooden_pickaxe":1,"minecraft:iron_helmet":1,"minecraft:copper_ingot":20,"immersive_aircraft:propeller":4,"minecraft:iron_chestplate":2,"minecraft:stick":20,"minecraft:iron_pickaxe":4,"minecraft:iron_ingot":70,"minecraft:iron_leggings":1,"wom:iron_staff":1,"minecraft:torch":44}},"DataVersion":3465}