{"stats":{"minecraft:mined":{"minecraft:oak_log":1,"minecraft:oak_leaves":13},"minecraft:custom":{"minecraft:jump":73,"minecraft:time_since_rest":3249,"minecraft:leave_game":1,"minecraft:crouch_one_cm":398,"minecraft:sprint_one_cm":6887,"minecraft:play_time":3249,"minecraft:damage_taken":135,"minecraft:time_since_death":3249,"minecraft:walk_one_cm":4310,"minecraft:sneak_time":107,"minecraft:total_world_time":3249,"minecraft:fall_one_cm":3581,"minecraft:fly_one_cm":8661},"minecraft:picked_up":{"minecraft:oak_log":1,"minecraft:apple":1,"minecraft:oak_sapling":1}},"DataVersion":3465}