{"stats":{"minecraft:used":{"minecraft:beetroot":26,"minecraft:ladder":3,"minecraft:spruce_planks":14,"minecraft:iron_sword":4,"minecraft:torch":89,"minecraft:carrot":47,"wom:stone_staff":2,"wom:iron_staff":141,"regions_unexplored:duskmelon_slice":1,"minecraft:beef":3,"minecraft:furnace":2,"minecraft:potato":122,"minecraft:stone_pickaxe":144,"minecraft:baked_potato":4,"minecraft:wooden_pickaxe":33,"minecraft:crafting_table":7,"minecraft:apple":4,"minecraft:bread":26,"minecraft:iron_pickaxe":383,"minecraft:stone_axe":84,"minecraft:cobblestone":6},"minecraft:crafted":{"minecraft:cherry_planks":20,"wom:stone_staff":1,"minecraft:furnace":2,"minecraft:ladder":3,"minecraft:stone_pickaxe":4,"minecraft:wheat":162,"minecraft:crafting_table":7,"minecraft:spruce_planks":104,"minecraft:wooden_pickaxe":2,"minecraft:baked_potato":8,"minecraft:iron_sword":1,"minecraft:stone_axe":2,"minecraft:bread":97,"minecraft:stick":76,"minecraft:iron_ingot":14,"minecraft:iron_pickaxe":3,"wom:iron_staff":3,"minecraft:torch":156},"minecraft:custom":{"minecraft:mob_kills":13,"minecraft:interact_with_crafting_table":32,"minecraft:open_barrel":1,"minecraft:leave_game":4,"minecraft:time_since_death":33126,"minecraft:climb_one_cm":5117,"minecraft:sprint_one_cm":708752,"minecraft:walk_one_cm":485263,"minecraft:drop":84,"minecraft:damage_dealt_absorbed":38,"minecraft:play_time":118300,"minecraft:deaths":5,"minecraft:sneak_time":174,"minecraft:walk_under_water_one_cm":951,"minecraft:jump":1943,"minecraft:walk_on_water_one_cm":14529,"minecraft:total_world_time":118300,"minecraft:interact_with_furnace":11,"minecraft:sleep_in_bed":1,"minecraft:time_since_rest":13112,"minecraft:damage_taken":4432,"minecraft:damage_dealt":2097,"minecraft:swim_one_cm":5278,"minecraft:fly_one_cm":532791,"minecraft:open_chest":19,"minecraft:crouch_one_cm":1522,"minecraft:interact_with_smoker":2,"minecraft:fall_one_cm":54462},"minecraft:dropped":{"minecraft:bread":35,"minecraft:moss_block":3,"minecraft:wheat_seeds":244,"minecraft:baked_potato":4,"minecraft:stick":2,"minecraft:dirt":3,"minecraft:snowball":16,"minecraft:bone":1,"minecraft:iron_nugget":6,"minecraft:wheat":2,"minecraft:cherry_sapling":11,"minecraft:carrot":57,"minecraft:potato":64,"minecraft:beetroot_seeds":5,"minecraft:stone_pickaxe":1,"minecraft:wooden_pickaxe":1},"minecraft:killed":{"minecraft:spider":2,"minecraft:skeleton":1,"minecraft:chicken":1,"minecraft:creeper":3,"minecraft:zombie":5,"minecraft:cow":1},"minecraft:picked_up":{"minecraft:coarse_dirt":1,"minecraft:wheat":203,"minecraft:chicken":1,"minecraft:clay_ball":16,"wom:stone_staff":1,"minecraft:string":4,"minecraft:moss_carpet":2,"minecraft:raw_copper":93,"minecraft:beetroot":59,"regions_unexplored:duskmelon_slice":2,"minecraft:spruce_planks":85,"minecraft:beef":3,"minecraft:iron_nugget":6,"minecraft:calcite":10,"minecraft:azalea":4,"minecraft:birch_sapling":3,"regions_unexplored:blackwood_log":14,"minecraft:egg":5,"minecraft:dark_oak_sapling":27,"minecraft:raw_iron":44,"minecraft:stick":56,"regions_unexplored:corpse_flower":9,"minecraft:torch":3,"minecraft:bowl":1,"minecraft:cherry_log":52,"minecraft:diorite":4,"minecraft:carrot":409,"regions_unexplored:argillite":22,"regions_unexplored:dusktrap":7,"minecraft:rotten_flesh":5,"minecraft:beetroot_seeds":165,"minecraft:hay_block":18,"minecraft:snowball":16,"minecraft:cobblestone":245,"minecraft:birch_log":27,"minecraft:feather":2,"minecraft:glow_ink_sac":2,"minecraft:potato":266,"minecraft:flint":1,"minecraft:tuff":1,"jeg:scrap":20,"minecraft:gunpowder":1,"skilltree:gem":21,"minecraft:dirt":3,"minecraft:lantern":2,"minecraft:bone":4,"minecraft:apple":4,"minecraft:wheat_seeds":637,"minecraft:raw_gold":7,"regions_unexplored:pink_bioshroom":1,"minecraft:bamboo":8,"minecraft:moss_block":9,"epicsamurai:aquamarine":10,"regions_unexplored:dropleaf":9,"minecraft:flowering_azalea":2,"jeg:tech_trash":2,"patchouli:guide_book":1,"minecraft:gravel":5,"minecraft:birch_stairs":1,"minecraft:spruce_sapling":11,"minecraft:spruce_log":26,"alexsmobs:animal_dictionary":1,"minecraft:dark_oak_log":23,"minecraft:spider_eye":1,"regions_unexplored:blackwood_sapling":9,"minecraft:cherry_sapling":25,"minecraft:bread":63,"minecraft:coal":83},"minecraft:mined":{"minecraft:tuff":1,"minecraft:spruce_planks":1,"alexsmobs:leafcutter_anthill":1,"regions_unexplored:dropleaf_plant":12,"minecraft:jungle_leaves":2,"regions_unexplored:dusktrap":8,"regions_unexplored:dropleaf":15,"regions_unexplored:argillite_grass_block":2,"minecraft:moss_block":8,"regions_unexplored:duskmelon":4,"regions_unexplored:blue_bioshroom":1,"minecraft:large_fern":4,"minecraft:hay_block":18,"regions_unexplored:argillite":21,"minecraft:carrots":60,"minecraft:iron_ore":41,"minecraft:moss_carpet":1,"treechop:chopped_log":8,"minecraft:potatoes":43,"minecraft:deepslate_iron_ore":4,"regions_unexplored:medium_grass":7,"minecraft:bamboo":2,"minecraft:azalea":3,"minecraft:stone":224,"regions_unexplored:bladed_grass":6,"minecraft:birch_stairs":1,"minecraft:flowering_azalea":2,"jeg:scrap_ore":10,"regions_unexplored:pink_bioshroom":1,"regions_unexplored:corpse_flower":10,"minecraft:powder_snow":5,"minecraft:clay":7,"regions_unexplored:bladed_tall_grass":6,"minecraft:calcite":10,"minecraft:stone_slab":1,"minecraft:copper_ore":26,"minecraft:tall_grass":3,"minecraft:cobblestone":36,"minecraft:diorite":28,"minecraft:wall_torch":2,"minecraft:coarse_dirt":1,"realmrpg_skeletons:bow_skeleton":1,"minecraft:wheat":132,"epicsamurai:aquamarine_ore":10,"minecraft:spruce_log":5,"minecraft:grass":21,"regions_unexplored:tall_blue_bioshroom":1,"minecraft:coal_ore":83,"regions_unexplored:dark_oak_shrub":1,"minecraft:beetroots":35,"minecraft:gravel":6,"minecraft:dirt":1,"minecraft:gold_ore":7,"minecraft:fern":4}},"DataVersion":3465}