{"stats":{"minecraft:killed_by":{"minecraft:husk":5,"epicsamurai:jorogumo":1,"minecraft:player":1,"cataclysm:deepling_angler":1,"minecraft:wither_skeleton":1,"minecraft:creeper":1,"alexsmobs:emu":2,"minecraft:pillager":4,"minecraft:iron_golem":2,"minecraft:vindicator":1,"minecraft:hoglin":2,"minecraft:skeleton":6,"minecraft:zombie":5,"alexsmobs:kangaroo":2,"alexsmobs:rattlesnake":1,"ecologics:coconut_crab":1,"guardvillagers:guard":1},"minecraft:mined":{"minecraft:white_bed":4,"minecraft:spruce_planks":33,"ecologics:coconut_planks":1,"minecraft:fire_coral_wall_fan":3,"minecraft:cobblestone_stairs":1,"minecraft:tube_coral_wall_fan":8,"minecraft:red_sand":1,"minecraft:acacia_log":11,"minecraft:grass_block":3,"minecraft:spruce_fence":7,"ecologics:coconut_leaves":196,"minecraft:bubble_coral_fan":1,"ecologics:coconut_log":57,"minecraft:bubble_coral_block":1,"minecraft:tube_coral_block":67,"minecraft:horn_coral_wall_fan":3,"minecraft:hay_block":5,"minecraft:horn_coral":1,"regions_unexplored:socotra_leaves":36,"regions_unexplored:baobab_log":143,"minecraft:carrots":14,"minecraft:red_sandstone":2,"minecraft:iron_ore":1,"realmrpg_skeletons:cactus_skeleton":2,"minecraft:stripped_spruce_log":20,"minecraft:potatoes":2,"minecraft:brain_coral_wall_fan":5,"minecraft:stone":97,"minecraft:brain_coral_block":10,"regions_unexplored:silt_grass_block":28,"minecraft:fire_coral_block":16,"minecraft:spruce_slab":19,"regions_unexplored:barrel_cactus":1,"regions_unexplored:dead_steppe_shrub":1,"minecraft:acacia_leaves":111,"minecraft:red_bed":6,"minecraft:dandelion":1,"minecraft:crafting_table":1,"regions_unexplored:baobab_shrub":1,"regions_unexplored:silt_dirt":102,"minecraft:chest":1,"regions_unexplored:small_desert_shrub":3,"minecraft:dead_bush":12,"regions_unexplored:baobab_branch":14,"minecraft:tall_grass":7,"minecraft:cobblestone":2,"minecraft:oak_planks":16,"minecraft:sugar_cane":8,"minecraft:wall_torch":2,"minecraft:seagrass":1,"minecraft:spruce_stairs":5,"regions_unexplored:hyssop":1,"realmrpg_skeletons:bow_skeleton":1,"minecraft:bubble_coral":1,"regions_unexplored:socotra_log":9,"regions_unexplored:silt_coarse_dirt":4,"regions_unexplored:steppe_shrub":7,"minecraft:wheat":8,"regions_unexplored:steppe_grass":6,"minecraft:grass":11,"minecraft:oak_log":2,"ecologics:hanging_coconut":5,"minecraft:beetroots":2,"minecraft:bubble_coral_wall_fan":4,"minecraft:gravel":10,"minecraft:sand":2,"minecraft:dirt":3,"regions_unexplored:baobab_leaves":277,"minecraft:terracotta":103,"ecologics:coconut_seedling":1,"minecraft:oak_leaves":5},"minecraft:dropped":{"regions_unexplored:dead_steppe_shrub":2},"minecraft:picked_up":{"minecraft:iron_chestplate":1,"minecraft:crafting_table":1,"minecraft:wheat":2,"regions_unexplored:silt_coarse_dirt":4,"minecraft:wooden_pickaxe":5,"ecologics:seashell":2,"regions_unexplored:silt_dirt":142,"minecraft:shield":1,"epicfight:iron_tachi":1,"epicfight:iron_longsword":6,"minecraft:dead_tube_coral_block":9,"minecraft:red_bed":4,"minecraft:wooden_sword":1,"minecraft:iron_leggings":1,"minecraft:sea_pickle":10,"alexsmobs:emu_feather":12,"minecraft:red_sand":1,"minecraft:spruce_planks":12,"minecraft:iron_nugget":99,"minecraft:spruce_slab":2,"minecraft:sugar_cane":10,"minecraft:chest":1,"minecraft:iron_boots":1,"minecraft:stick":67,"ecologics:coconut_slice":6,"minecraft:torch":2,"minecraft:acacia_log":7,"ecologics:coconut_seedling":9,"epicfight:skillbook":4,"minecraft:spruce_stairs":6,"regions_unexplored:barrel_cactus":1,"minecraft:spruce_fence":14,"minecraft:porkchop":3,"regions_unexplored:baobab_shrub":5,"minecraft:carrot":14,"regions_unexplored:socotra_log":3,"minecraft:arrow":1,"minecraft:cactus":14,"minecraft:rotten_flesh":21,"minecraft:beetroot_seeds":2,"minecraft:pumpkin_pie":2,"minecraft:hay_block":5,"ecologics:coconut_log":48,"alexsmobs:emu_egg":4,"minecraft:gold_ingot":9,"alexsmobs:kangaroo_meat":1,"minecraft:cobblestone":68,"epicfight:stone_spear":1,"minecraft:feather":2,"ecologics:coconut_planks":70,"minecraft:potato":11,"regions_unexplored:dead_steppe_shrub":3,"paraglider:spirit_orb":2,"minecraft:flint":2,"minecraft:oak_log":2,"minecraft:cobblestone_stairs":1,"minecraft:dirt":6,"minecraft:bone":5,"minecraft:red_sandstone":1,"minecraft:wheat_seeds":16,"regions_unexplored:baobab_sapling":10,"minecraft:iron_ingot":87,"minecraft:oak_planks":24,"minecraft:iron_sword":1,"minecraft:acacia_sapling":16,"minecraft:green_dye":1,"patchouli:guide_book":1,"epicfight:iron_spear":1,"minecraft:dead_fire_coral_block":6,"minecraft:dandelion":3,"regions_unexplored:socotra_planks":10,"minecraft:gravel":4,"regions_unexplored:baobab_planks":46,"minecraft:sand":32,"ecologics:coconut_husk":6,"minecraft:stripped_spruce_log":16,"minecraft:white_bed":4,"minecraft:dead_bush":3,"alexsmobs:animal_dictionary":1,"regions_unexplored:hyssop":1,"alexsmobs:kangaroo_hide":2,"minecraft:stone_axe":1,"epicfight:iron_dagger":1,"minecraft:iron_helmet":2,"minecraft:crossbow":1,"minecraft:bread":4,"minecraft:terracotta":98,"regions_unexplored:baobab_log":233,"minecraft:ender_pearl":3},"minecraft:custom":{"minecraft:mob_kills":16,"minecraft:interact_with_crafting_table":27,"minecraft:open_barrel":4,"minecraft:leave_game":1,"minecraft:time_since_death":542,"minecraft:climb_one_cm":1140,"minecraft:sprint_one_cm":1576108,"minecraft:walk_one_cm":942810,"minecraft:drop":2,"minecraft:damage_dealt_absorbed":72,"minecraft:talked_to_villager":5,"minecraft:play_time":245468,"minecraft:deaths":40,"minecraft:sneak_time":356,"minecraft:walk_under_water_one_cm":12775,"minecraft:boat_one_cm":48468,"minecraft:jump":3080,"minecraft:interact_with_blast_furnace":2,"minecraft:walk_on_water_one_cm":38607,"minecraft:total_world_time":245468,"minecraft:interact_with_furnace":2,"minecraft:sleep_in_bed":18,"minecraft:time_since_rest":568,"minecraft:damage_taken":11404,"minecraft:damage_absorbed":1,"minecraft:damage_dealt":4643,"minecraft:swim_one_cm":143664,"minecraft:fly_one_cm":1159223,"minecraft:open_chest":35,"minecraft:crouch_one_cm":3109,"minecraft:fall_one_cm":63728},"minecraft:crafted":{"minecraft:wooden_sword":2,"regions_unexplored:baobab_planks":100,"minecraft:oak_planks":8,"ecologics:coconut_planks":168,"epicfight:iron_spear":1,"minecraft:iron_boots":1,"minecraft:wheat":45,"epicfight:stone_spear":1,"minecraft:crafting_table":6,"minecraft:wooden_pickaxe":4,"minecraft:iron_helmet":2,"minecraft:iron_sword":5,"epicfight:iron_dagger":3,"epicfight:iron_longsword":2,"minecraft:stone_axe":1,"minecraft:bread":15,"epicfight:iron_tachi":1,"regions_unexplored:socotra_planks":12,"minecraft:iron_chestplate":1,"minecraft:stick":36,"minecraft:iron_ingot":9,"minecraft:stone_sword":1,"minecraft:iron_leggings":1,"minecraft:acacia_planks":12},"minecraft:used":{"ecologics:coconut_planks":91,"minecraft:rotten_flesh":4,"minecraft:iron_chestplate":1,"minecraft:carrot":6,"epicfight:iron_dagger":23,"minecraft:iron_helmet":4,"minecraft:iron_boots":1,"minecraft:potato":21,"ecologics:coconut_seedling":3,"minecraft:iron_leggings":2,"epicfight:skillbook":3,"epicfight:iron_spear":51,"minecraft:wooden_pickaxe":32,"epicfight:iron_longsword":21,"minecraft:golden_apple":1,"minecraft:crafting_table":7,"minecraft:red_bed":4,"minecraft:white_bed":2,"epicfight:stone_spear":9,"epicfight:iron_tachi":6,"minecraft:bread":21,"minecraft:stone_axe":11,"ecologics:coconut_slice":6,"minecraft:wooden_sword":4,"minecraft:pumpkin_pie":2,"minecraft:sea_pickle":5},"minecraft:killed":{"guardvillagers:guard":1,"alexsmobs:kangaroo":1,"minecraft:husk":4,"alexsmobs:seal":3,"alexsmobs:emu":2,"minecraft:pillager":1,"minecraft:zombie":2,"alexsmobs:fly":1}},"DataVersion":3465}