{"stats":{"minecraft:used":{"minecraft:bread":5},"minecraft:crafted":{"minecraft:spruce_planks":84,"minecraft:bread":64,"minecraft:wheat":162},"minecraft:custom":{"minecraft:open_chest":3,"minecraft:time_since_rest":10317,"minecraft:crouch_one_cm":230,"minecraft:play_time":10317,"minecraft:sprint_one_cm":85287,"minecraft:damage_taken":30,"minecraft:walk_one_cm":48572,"minecraft:sneak_time":10,"minecraft:jump":147,"minecraft:damage_dealt":10,"minecraft:leave_game":1,"minecraft:time_since_death":10317,"minecraft:climb_one_cm":230,"minecraft:total_world_time":10317,"minecraft:interact_with_crafting_table":3,"minecraft:fall_one_cm":2661,"minecraft:fly_one_cm":60280},"minecraft:picked_up":{"minecraft:wheat":98,"minecraft:stick":7,"minecraft:bone":1,"minecraft:beetroot":25,"minecraft:beetroot_seeds":69,"minecraft:wheat_seeds":239,"minecraft:potato":112,"minecraft:hay_block":18,"minecraft:spruce_sapling":11,"minecraft:spruce_log":21,"minecraft:carrot":164,"minecraft:string":2},"minecraft:mined":{"minecraft:hay_block":18,"minecraft:potatoes":33,"realmrpg_skeletons:bow_skeleton":1,"minecraft:beetroots":26,"minecraft:carrots":44,"minecraft:wheat":100,"minecraft:moss_block":2,"treechop:chopped_log":1}},"DataVersion":3465}