{"stats":{"minecraft:used":{"minecraft:bread":5},"minecraft:crafted":{"minecraft:spruce_planks":84,"minecraft:bread":64,"minecraft:wheat":162},"minecraft:custom":{"minecraft:open_chest":4,"minecraft:time_since_rest":14367,"minecraft:play_time":14367,"minecraft:crouch_one_cm":556,"minecraft:sprint_one_cm":123643,"minecraft:damage_taken":130,"minecraft:walk_one_cm":61554,"minecraft:sneak_time":49,"minecraft:jump":264,"minecraft:damage_dealt":10,"minecraft:leave_game":3,"minecraft:time_since_death":14367,"minecraft:walk_on_water_one_cm":1194,"minecraft:total_world_time":14367,"minecraft:climb_one_cm":1113,"minecraft:interact_with_crafting_table":4,"minecraft:fall_one_cm":5855,"minecraft:fly_one_cm":94082},"minecraft:picked_up":{"minecraft:stick":7,"minecraft:wheat":99,"minecraft:bone":1,"minecraft:beetroot":25,"minecraft:beetroot_seeds":69,"minecraft:wheat_seeds":244,"minecraft:potato":112,"minecraft:hay_block":18,"minecraft:spruce_sapling":11,"minecraft:spruce_log":21,"minecraft:carrot":165,"minecraft:moss_block":1,"minecraft:string":2,"minecraft:egg":2},"minecraft:mined":{"minecraft:hay_block":18,"minecraft:potatoes":33,"minecraft:beetroots":26,"realmrpg_skeletons:bow_skeleton":1,"minecraft:carrots":44,"minecraft:wheat":100,"minecraft:moss_block":2,"treechop:chopped_log":1}},"DataVersion":3465}