{"stats":{"minecraft:custom":{"minecraft:time_since_rest":467,"minecraft:crouch_one_cm":83,"minecraft:play_time":7605,"minecraft:sprint_one_cm":86333,"minecraft:deaths":4,"minecraft:damage_taken":2510,"minecraft:walk_one_cm":44897,"minecraft:sneak_time":27,"minecraft:jump":143,"minecraft:damage_dealt":264,"minecraft:leave_game":1,"minecraft:walk_on_water_one_cm":161,"minecraft:time_since_death":436,"minecraft:sleep_in_bed":1,"minecraft:total_world_time":7605,"minecraft:fly_one_cm":65315,"minecraft:fall_one_cm":22586},"minecraft:mined":{"minecraft:emerald_ore":1,"minecraft:granite":3,"minecraft:spruce_fence":11,"minecraft:grass":3,"minecraft:smooth_stone":7,"regions_unexplored:cherry_shrub":2,"minecraft:grass_block":1,"minecraft:spruce_planks":31,"regions_unexplored:bamboo_leaves":147,"minecraft:farmland":1,"minecraft:carrots":2,"minecraft:stripped_acacia_log":14,"minecraft:fire":3,"minecraft:acacia_slab":10,"minecraft:acacia_stairs":5,"minecraft:stone":14,"regions_unexplored:bamboo_log":37,"minecraft:diorite":4,"minecraft:fern":3,"minecraft:hay_block":1},"minecraft:picked_up":{"regions_unexplored:bamboo_sapling":2,"minecraft:spruce_fence":2,"minecraft:spruce_planks":1,"minecraft:hay_block":1,"minecraft:carrot":3,"minecraft:bamboo":66,"minecraft:stick":2,"regions_unexplored:bamboo_log":25},"minecraft:used":{"alexsmobs:animal_dictionary":2},"minecraft:killed_by":{"minecraft:panda":1,"minecraft:zombie":2}},"DataVersion":3465}