{"stats":{"minecraft:dropped":{"regions_unexplored:magnolia_planks":1,"wom:wooden_staff":1,"minecraft:wheat":2,"minecraft:rotten_flesh":1,"minecraft:dirt":9,"minecraft:white_wool":1,"minecraft:acacia_planks":1},"minecraft:used":{"minecraft:cooked_mutton":3,"minecraft:stone_pickaxe":72,"minecraft:wooden_pickaxe":38,"valhelsia_structures:light_gray_sleeping_bag":1,"minecraft:rotten_flesh":1,"minecraft:cracked_stone_bricks":1,"minecraft:white_wool":1,"minecraft:torch":1,"minecraft:dirt":6,"minecraft:crafting_table":3,"epicfight:stone_spear":110,"minecraft:apple":2,"minecraft:bread":9,"minecraft:cyan_bed":2,"wom:wooden_staff":205,"jeg:scrap_workbench":1,"minecraft:furnace":1,"minecraft:cooked_cod":2,"alexsmobs:animal_dictionary":2,"minecraft:cooked_beef":5,"minecraft:potato":2},"minecraft:picked_up":{"biomesoplenty:lavender":137,"minecraft:fishing_rod":1,"minecraft:wheat":6,"minecraft:cooked_beef":4,"epicsamurai:spirit_upgrade_smithing_template":1,"minecraft:water_bucket":1,"regions_unexplored:magnolia_log":9,"minecraft:leather":4,"regions_unexplored:white_magnolia_shrub":3,"minecraft:wooden_pickaxe":1,"minecraft:acacia_wood":4,"minecraft:potato":5,"jeg:scrap":42,"minecraft:dirt":37,"minecraft:string":5,"minecraft:raw_copper":8,"biomesoplenty:tall_lavender":3,"minecraft:bone":2,"minecraft:cracked_stone_bricks":1,"minecraft:wheat_seeds":62,"minecraft:gold_nugget":26,"minecraft:stone_pickaxe":1,"minecraft:beef":7,"minecraft:mossy_stone_bricks":2,"valhelsia_structures:light_gray_sleeping_bag":3,"jeg:tech_trash":4,"minecraft:stick":13,"minecraft:cooked_porkchop":3,"wom:wooden_staff":2,"patchouli:guide_book":4,"minecraft:stone_brick_slab":3,"minecraft:torch":27,"epicfight:skillbook":1,"minecraft:porkchop":3,"minecraft:carrot":2,"minecraft:cyan_bed":2,"minecraft:tnt":2,"minecraft:rotten_flesh":3,"minecraft:cooked_cod":1,"minecraft:tropical_fish":1,"minecraft:gray_wool":2,"minecraft:emerald":9,"minecraft:bread":9,"minecraft:mutton":14,"minecraft:coal":31,"minecraft:white_wool":5,"minecraft:cobblestone":77},"minecraft:custom":{"minecraft:interact_with_furnace":4,"minecraft:mob_kills":26,"minecraft:interact_with_crafting_table":19,"minecraft:open_barrel":5,"minecraft:eat_cake_slice":4,"minecraft:leave_game":3,"minecraft:time_since_death":7641,"minecraft:sleep_in_bed":3,"minecraft:climb_one_cm":2031,"minecraft:time_since_rest":5125,"minecraft:sprint_one_cm":503143,"minecraft:damage_taken":2046,"minecraft:walk_one_cm":578977,"minecraft:drop":7,"minecraft:damage_dealt":5208,"minecraft:damage_dealt_absorbed":36,"minecraft:swim_one_cm":102040,"minecraft:talked_to_villager":2,"minecraft:fly_one_cm":426702,"minecraft:open_chest":8,"minecraft:crouch_one_cm":960,"minecraft:play_time":75702,"minecraft:deaths":4,"minecraft:sneak_time":213,"minecraft:walk_under_water_one_cm":10660,"minecraft:jump":1267,"minecraft:walk_on_water_one_cm":67317,"minecraft:total_world_time":75702,"minecraft:fall_one_cm":31350},"minecraft:broken":{"wom:wooden_staff":1},"minecraft:mined":{"valhelsia_structures:light_gray_sleeping_bag":1,"jeg:scrap_ore":12,"regions_unexplored:magnolia_log":8,"minecraft:stone_brick_slab":2,"minecraft:grass_block":5,"minecraft:tall_grass":18,"minecraft:copper_ore":1,"minecraft:cobblestone":2,"biomesoplenty:sprout":1,"minecraft:cyan_bed":2,"biomesoplenty:tall_lavender":6,"minecraft:carrots":2,"minecraft:wheat":12,"minecraft:acacia_wood":3,"biomesoplenty:lavender":122,"regions_unexplored:white_magnolia_shrub":2,"minecraft:grass":192,"biomesoplenty:clover":10,"minecraft:potatoes":2,"minecraft:coal_ore":21,"minecraft:vine":1,"minecraft:dirt":11,"biomesoplenty:barley":337,"regions_unexplored:medium_grass":1,"minecraft:cracked_stone_bricks":1,"minecraft:stone":47,"minecraft:mossy_stone_bricks":1,"minecraft:oak_leaves":1},"minecraft:crafted":{"epicfight:stone_spear":2,"minecraft:crafting_table":3,"minecraft:wooden_pickaxe":3,"wom:wooden_staff":2,"minecraft:furnace":1,"minecraft:cooked_mutton":3,"jeg:scrap_block":1,"jeg:scrap_workbench":1,"minecraft:stick":44,"minecraft:stone_pickaxe":1,"minecraft:stone_sword":2,"minecraft:acacia_planks":12,"minecraft:torch":28,"regions_unexplored:magnolia_planks":36},"minecraft:killed":{"minecraft:pig":1,"minecraft:vindicator":3,"alexsmobs:tasmanian_devil":1,"minecraft:sheep":4,"minecraft:pillager":8,"minecraft:zombie":1,"spawn:ant":4,"minecraft:cow":4}},"DataVersion":3465}