{"stats":{"minecraft:crafted":{"immersive_aircraft:engine":1,"minecraft:smooth_stone":8,"minecraft:oak_planks":64,"minecraft:raw_iron":9,"epicsamurai:silver_ingot":4,"beautify:hanging_pot":1,"minecraft:furnace":4,"minecraft:blast_furnace":2,"immersive_aircraft:biplane":1,"minecraft:piston":3,"minecraft:stone":8,"minecraft:iron_boots":2,"minecraft:raw_copper":27,"minecraft:iron_axe":1,"wom:iron_greataxe":1,"immersive_aircraft:hull":4,"minecraft:stone_pickaxe":1,"immersive_aircraft:steel_boiler":1,"immersive_aircraft:boiler":2,"minecraft:spruce_planks":68,"minecraft:wooden_pickaxe":1,"minecraft:iron_helmet":1,"minecraft:copper_ingot":20,"immersive_aircraft:propeller":4,"minecraft:iron_chestplate":1,"minecraft:stick":20,"minecraft:iron_ingot":70,"minecraft:iron_pickaxe":4,"minecraft:iron_leggings":1,"wom:iron_staff":1,"minecraft:torch":44},"minecraft:mined":{"minecraft:mossy_cobblestone":2,"minecraft:deepslate_diamond_ore":1,"minecraft:grass_block":1,"epicsamurai:silver_ore":4,"minecraft:spruce_leaves":9,"biomesoplenty:dune_grass":3,"minecraft:raw_iron_block":1,"minecraft:furnace":1,"minecraft:iron_ore":28,"biomesoplenty:sea_oats":18,"minecraft:potatoes":5,"regions_unexplored:medium_grass":13,"minecraft:stone":220,"minecraft:deepslate_redstone_ore":5,"jeg:scrap_ore":7,"minecraft:torch":2,"minecraft:tall_grass":13,"minecraft:copper_ore":5,"minecraft:cobblestone":12,"minecraft:lapis_ore":2,"jeg:deepslate_scrap_ore":4,"minecraft:purple_bed":2,"minecraft:sweet_berry_bush":13,"minecraft:wheat":23,"minecraft:spruce_log":10,"realmrpg_skeletons:acrobat_skeleton":1,"minecraft:pumpkin_stem":2,"minecraft:grass":50,"minecraft:coal_ore":9,"minecraft:oak_log":16,"minecraft:gravel":3,"minecraft:raw_copper_block":6,"minecraft:oak_leaves":24,"minecraft:deepslate":15,"minecraft:fern":7},"minecraft:used":{"minecraft:iron_chestplate":1,"minecraft:torch":41,"wom:iron_greataxe":18,"minecraft:iron_axe":74,"minecraft:iron_boots":1,"wom:iron_staff":155,"minecraft:sweet_berries":104,"minecraft:furnace":1,"immersive_aircraft:biplane":1,"minecraft:potato":41,"minecraft:iron_leggings":1,"minecraft:golden_boots":1,"minecraft:stone_pickaxe":148,"minecraft:oak_planks":10,"minecraft:wooden_pickaxe":15,"beautify:hanging_pot":1,"minecraft:cookie":4,"minecraft:salmon":1,"minecraft:glow_berries":53,"minecraft:spruce_log":1,"minecraft:apple":1,"minecraft:bread":1,"minecraft:iron_pickaxe":171,"ecologics:coconut_slice":2,"minecraft:cobblestone":11,"minecraft:purple_bed":1},"minecraft:dropped":{"minecraft:stick":1,"minecraft:iron_pickaxe":2,"epicsamurai:silver_ingot":4,"minecraft:oak_planks":62,"minecraft:gunpowder":1},"minecraft:picked_up":{"minecraft:wooden_axe":2,"minecraft:iron_chestplate":5,"minecraft:wheat":19,"minecraft:suspicious_stew":1,"minecraft:wooden_pickaxe":1,"minecraft:shield":3,"minecraft:cod_bucket":3,"minecraft:string":1,"minecraft:raw_copper":87,"minecraft:iron_axe":1,"minecraft:iron_leggings":3,"minecraft:cobbled_deepslate":30,"minecraft:spruce_planks":8,"minecraft:iron_pickaxe":8,"minecraft:piston":3,"minecraft:raw_copper_block":3,"minecraft:iron_boots":3,"minecraft:furnace":1,"minecraft:golden_helmet":2,"minecraft:raw_iron":72,"minecraft:stick":11,"ecologics:coconut_slice":8,"minecraft:copper_ingot":29,"minecraft:torch":13,"minecraft:cookie":4,"minecraft:redstone":39,"minecraft:arrow":2,"minecraft:glow_berries":35,"minecraft:mutton":1,"minecraft:cobblestone":534,"epicsamurai:kitsune_tail":1,"epicsamurai:kitsune_hide":1,"minecraft:salmon":2,"minecraft:potato":35,"wom:iron_greataxe":2,"minecraft:flint":3,"minecraft:oak_log":16,"jeg:scrap":65,"minecraft:gunpowder":3,"minecraft:lapis_lazuli":28,"minecraft:dirt":1,"minecraft:bone":15,"minecraft:wheat_seeds":43,"minecraft:stone_pickaxe":1,"minecraft:iron_ingot":143,"minecraft:prismarine":14,"minecraft:oak_planks":82,"epicsamurai:raw_silver":10,"minecraft:acacia_sapling":4,"jeg:tech_trash":3,"minecraft:sweet_berries":55,"patchouli:guide_book":1,"wom:iron_staff":6,"immersive_aircraft:boiler":1,"minecraft:raw_iron_block":1,"minecraft:gravel":6,"ecologics:coconut_husk":16,"minecraft:spruce_sapling":2,"minecraft:spruce_log":66,"minecraft:spider_eye":1,"minecraft:mossy_cobblestone":4,"minecraft:pumpkin_seeds":2,"minecraft:purple_bed":2,"minecraft:diamond":2,"minecraft:iron_helmet":2,"minecraft:bread":37,"minecraft:oak_sapling":3,"minecraft:coal":14},"minecraft:broken":{"minecraft:stone_pickaxe":1},"minecraft:killed":{"alexsmobs:tiger":1,"minecraft:spider":3,"minecraft:skeleton":2,"ecologics:coconut_crab":1,"minecraft:sheep":1},"minecraft:custom":{"minecraft:mob_kills":8,"minecraft:interact_with_crafting_table":48,"minecraft:leave_game":1,"minecraft:time_since_death":14684,"minecraft:climb_one_cm":1209,"minecraft:sprint_one_cm":629912,"minecraft:walk_one_cm":455317,"minecraft:drop":6,"minecraft:damage_dealt_absorbed":102,"minecraft:talked_to_villager":3,"minecraft:play_time":116961,"minecraft:deaths":7,"minecraft:sneak_time":155,"minecraft:walk_under_water_one_cm":43686,"minecraft:boat_one_cm":49519,"minecraft:jump":1567,"minecraft:walk_on_water_one_cm":50567,"minecraft:total_world_time":116961,"minecraft:interact_with_furnace":40,"minecraft:traded_with_villager":1,"minecraft:sleep_in_bed":9,"minecraft:time_since_rest":13393,"minecraft:damage_taken":2702,"minecraft:damage_dealt":2295,"minecraft:player_kills":1,"minecraft:swim_one_cm":135637,"minecraft:fly_one_cm":429458,"minecraft:open_chest":46,"minecraft:crouch_one_cm":1263,"minecraft:fall_one_cm":39874}},"DataVersion":3465}