{"stats":{"minecraft:custom":{"minecraft:time_since_rest":25761,"minecraft:interact_with_furnace":3,"minecraft:sprint_one_cm":45113,"minecraft:damage_taken":55,"minecraft:walk_one_cm":36427,"minecraft:mob_kills":1,"minecraft:damage_dealt":200,"minecraft:swim_one_cm":1482,"minecraft:interact_with_crafting_table":4,"minecraft:fly_one_cm":54670,"minecraft:open_chest":1,"minecraft:crouch_one_cm":7358,"minecraft:play_time":25761,"minecraft:sneak_time":2153,"minecraft:walk_under_water_one_cm":9015,"minecraft:jump":447,"minecraft:leave_game":2,"minecraft:time_since_death":25761,"minecraft:walk_on_water_one_cm":2594,"minecraft:total_world_time":25761,"minecraft:fall_one_cm":19426},"minecraft:used":{"minecraft:golden_boots":1,"minecraft:stone_pickaxe":47,"minecraft:iron_pickaxe":62,"minecraft:wooden_pickaxe":3,"minecraft:cobblestone":30,"minecraft:sweet_berries":10,"minecraft:crafting_table":1,"minecraft:furnace":1,"minecraft:golden_axe":12},"minecraft:picked_up":{"minecraft:raw_iron":22,"minecraft:stick":2,"minecraft:sweet_berries":17,"minecraft:dripstone_block":2,"minecraft:spruce_sapling":2,"minecraft:pointed_dripstone":3,"minecraft:spruce_log":6,"minecraft:dirt":4,"minecraft:arrow":1,"minecraft:bone":1,"minecraft:emerald":3,"minecraft:coal":24,"minecraft:cobblestone":58},"minecraft:crafted":{"minecraft:crafting_table":1,"minecraft:spruce_planks":20,"minecraft:stick":4,"minecraft:wooden_pickaxe":1,"minecraft:iron_ingot":16,"minecraft:iron_pickaxe":1,"minecraft:stone_pickaxe":1,"minecraft:furnace":1,"minecraft:air":0},"minecraft:mined":{"minecraft:iron_ore":22,"minecraft:sweet_berry_bush":2,"minecraft:spruce_log":6,"minecraft:emerald_ore":3,"minecraft:pointed_dripstone":2,"minecraft:coal_ore":24,"minecraft:dripstone_block":2,"minecraft:dirt":4,"minecraft:cobblestone":2,"minecraft:spruce_leaves":4,"minecraft:stone":57},"minecraft:killed":{"minecraft:skeleton":1}},"DataVersion":3465}