{
  "stellarity:cursed_tome/root": {
    "criteria": {
      "requirement": "2024-05-24 01:00:17 +0000"
    },
    "done": true
  },
  "repurposed_structures:root": {
    "criteria": {
      "always": "2024-05-24 01:00:17 +0000"
    },
    "done": true
  },
  "minecraft:recipes/decorations/crafting_table": {
    "criteria": {
      "unlock_right_away": "2024-05-24 01:00:17 +0000"
    },
    "done": true
  },
  "beautify:progression/root": {
    "criteria": {
      "Install": "2024-05-24 01:00:17 +0000"
    },
    "done": true
  },
  "incendium:technical/new_player": {
    "criteria": {
      "requirement": "2024-05-24 01:00:17 +0000"
    },
    "done": true
  },
  "stellarity:dragons_den/cursed_tome/root": {
    "criteria": {
      "requirement": "2024-05-24 01:00:17 +0000"
    },
    "done": true
  },
  "dungeons_arise:wda_root": {
    "criteria": {
      "WDA": "2024-05-24 01:00:17 +0000"
    },
    "done": true
  },
  "betterdungeons:root": {
    "criteria": {
      "always": "2024-05-24 01:00:17 +0000"
    },
    "done": true
  },
  "parcool:grant_parcool_guide": {
    "criteria": {
      "tick": "2024-05-24 01:00:17 +0000"
    },
    "done": true
  },
  "betterdeserttemples:root": {
    "criteria": {
      "always": "2024-05-24 01:00:17 +0000"
    },
    "done": true
  },
  "cataclysm:root": {
    "criteria": {
      "custom_test_name": "2024-05-24 01:00:17 +0000"
    },
    "done": true
  },
  "biomesoplenty:biomesoplenty/root": {
    "criteria": {
      "pasture": "2024-05-24 01:00:18 +0000"
    },
    "done": true
  },
  "incendium:technical/using/shield": {
    "criteria": {
      "log_spam_fixer": "2024-05-24 01:00:18 +0000"
    },
    "done": false
  },
  "regions_unexplored:parent": {
    "criteria": {
      "load_in_world": "2024-05-24 01:00:18 +0000"
    },
    "done": true
  },
  "biomesoplenty:biomesoplenty/all_biomes": {
    "criteria": {
      "orchard": "2024-05-24 01:20:07 +0000",
      "lavender_forest": "2024-05-24 01:18:09 +0000",
      "mediterranean_forest": "2024-05-24 01:18:31 +0000",
      "pasture": "2024-05-24 01:00:18 +0000",
      "lavender_field": "2024-05-24 01:11:24 +0000"
    },
    "done": false
  },
  "incendium:technical/scroll_of_returning": {
    "criteria": {
      "log_spam_fixer": "2024-05-24 01:00:18 +0000"
    },
    "done": false
  },
  "incendium:technical/using/ragnarok": {
    "criteria": {
      "log_spam_fixer": "2024-05-24 01:00:18 +0000"
    },
    "done": false
  },
  "incendium:technical/using/trailblazer": {
    "criteria": {
      "log_spam_fixer": "2024-05-24 01:00:18 +0000"
    },
    "done": false
  },
  "aether:recipes/decorations/skyroot_bed": {
    "criteria": {
      "has_wool": "2024-05-24 01:00:56 +0000"
    },
    "done": true
  },
  "minecraft:recipes/food/cooked_mutton_from_smoking": {
    "criteria": {
      "has_mutton": "2024-05-24 01:00:56 +0000"
    },
    "done": true
  },
  "valhelsia_furniture:recipes/decorations/white_mangrove_chair": {
    "criteria": {
      "has_white_wool": "2024-05-24 01:00:56 +0000"
    },
    "done": true
  },
  "mcwwindows:recipes/curtains": {
    "criteria": {
      "has_wood": "2024-05-24 01:00:56 +0000"
    },
    "done": true
  },
  "valhelsia_furniture:recipes/decorations/white_upholstered_warped_stool": {
    "criteria": {
      "has_white_wool": "2024-05-24 01:00:56 +0000"
    },
    "done": true
  },
  "valhelsia_furniture:recipes/decorations/white_upholstered_cherry_chair": {
    "criteria": {
      "has_white_wool": "2024-05-24 01:00:56 +0000"
    },
    "done": true
  },
  "valhelsia_furniture:recipes/decorations/white_upholstered_mangrove_stool": {
    "criteria": {
      "has_white_wool": "2024-05-24 01:00:56 +0000"
    },
    "done": true
  },
  "minecraft:recipes/food/cooked_mutton_from_grill_cooking": {
    "criteria": {
      "has_mutton": "2024-05-24 01:00:56 +0000"
    },
    "done": true
  },
  "valhelsia_furniture:recipes/decorations/white_upholstered_dark_oak_chair": {
    "criteria": {
      "has_white_wool": "2024-05-24 01:00:56 +0000"
    },
    "done": true
  },
  "valhelsia_furniture:recipes/decorations/white_upholstered_warped_chair": {
    "criteria": {
      "has_white_wool": "2024-05-24 01:00:56 +0000"
    },
    "done": true
  },
  "valhelsia_furniture:recipes/decorations/white_upholstered_mangrove_chair": {
    "criteria": {
      "has_white_wool": "2024-05-24 01:00:56 +0000"
    },
    "done": true
  },
  "valhelsia_furniture:recipes/decorations/white_dark_oak_chair": {
    "criteria": {
      "has_white_wool": "2024-05-24 01:00:56 +0000"
    },
    "done": true
  },
  "valhelsia_furniture:recipes/decorations/white_upholstered_spruce_chair": {
    "criteria": {
      "has_white_wool": "2024-05-24 01:00:56 +0000"
    },
    "done": true
  },
  "valhelsia_structures:recipes/decorations/white_sleeping_bag": {
    "criteria": {
      "has_white_wool": "2024-05-24 01:00:56 +0000"
    },
    "done": true
  },
  "valhelsia_furniture:recipes/decorations/white_upholstered_acacia_stool": {
    "criteria": {
      "has_white_wool": "2024-05-24 01:00:56 +0000"
    },
    "done": true
  },
  "valhelsia_furniture:recipes/decorations/white_upholstered_spruce_stool": {
    "criteria": {
      "has_white_wool": "2024-05-24 01:00:56 +0000"
    },
    "done": true
  },
  "comforts:sleeping_bag_white": {
    "criteria": {
      "has_white_wool": "2024-05-24 01:00:56 +0000"
    },
    "done": true
  },
  "valhelsia_furniture:recipes/decorations/white_curtain": {
    "criteria": {
      "has_item": "2024-05-24 01:00:56 +0000"
    },
    "done": true
  },
  "valhelsia_furniture:recipes/decorations/white_jungle_chair": {
    "criteria": {
      "has_white_wool": "2024-05-24 01:00:56 +0000"
    },
    "done": true
  },
  "valhelsia_furniture:recipes/decorations/white_upholstered_oak_stool": {
    "criteria": {
      "has_white_wool": "2024-05-24 01:00:56 +0000"
    },
    "done": true
  },
  "minecraft:adventure/root": {
    "criteria": {
      "killed_something": "2024-05-24 01:00:56 +0000"
    },
    "done": true
  },
  "aether:recipes/combat/white_cape": {
    "criteria": {
      "has_white_wool": "2024-05-24 01:00:56 +0000"
    },
    "done": true
  },
  "valhelsia_furniture:recipes/decorations/white_upholstered_dark_oak_stool": {
    "criteria": {
      "has_white_wool": "2024-05-24 01:00:56 +0000"
    },
    "done": true
  },
  "minecraft:recipes/decorations/white_bed": {
    "criteria": {
      "has_white_wool": "2024-05-24 01:00:56 +0000"
    },
    "done": true
  },
  "valhelsia_furniture:recipes/decorations/white_upholstered_cherry_stool": {
    "criteria": {
      "has_white_wool": "2024-05-24 01:00:56 +0000"
    },
    "done": true
  },
  "valhelsia_furniture:recipes/decorations/white_warped_chair": {
    "criteria": {
      "has_white_wool": "2024-05-24 01:00:56 +0000"
    },
    "done": true
  },
  "valhelsia_furniture:recipes/decorations/white_birch_chair": {
    "criteria": {
      "has_white_wool": "2024-05-24 01:00:56 +0000"
    },
    "done": true
  },
  "minecraft:recipes/decorations/painting": {
    "criteria": {
      "has_wool": "2024-05-24 01:00:56 +0000"
    },
    "done": true
  },
  "valhelsia_furniture:recipes/decorations/white_upholstered_birch_stool": {
    "criteria": {
      "has_white_wool": "2024-05-24 01:00:56 +0000"
    },
    "done": true
  },
  "valhelsia_furniture:recipes/decorations/white_fabric_desk_lamp": {
    "criteria": {
      "has_white_wool": "2024-05-24 01:00:56 +0000"
    },
    "done": true
  },
  "valhelsia_furniture:recipes/decorations/white_upholstered_oak_chair": {
    "criteria": {
      "has_white_wool": "2024-05-24 01:00:56 +0000"
    },
    "done": true
  },
  "valhelsia_furniture:recipes/decorations/white_upholstered_crimson_stool": {
    "criteria": {
      "has_white_wool": "2024-05-24 01:00:56 +0000"
    },
    "done": true
  },
  "beautify:frames": {
    "criteria": {
      "requirement": "2024-05-24 01:00:56 +0000"
    },
    "done": true
  },
  "minecraft:recipes/decorations/white_carpet": {
    "criteria": {
      "has_white_wool": "2024-05-24 01:00:56 +0000"
    },
    "done": true
  },
  "valhelsia_furniture:recipes/decorations/white_upholstered_crimson_chair": {
    "criteria": {
      "has_white_wool": "2024-05-24 01:00:56 +0000"
    },
    "done": true
  },
  "valhelsia_furniture:recipes/decorations/white_upholstered_jungle_chair": {
    "criteria": {
      "has_white_wool": "2024-05-24 01:00:56 +0000"
    },
    "done": true
  },
  "valhelsia_furniture:recipes/decorations/white_acacia_chair": {
    "criteria": {
      "has_white_wool": "2024-05-24 01:00:56 +0000"
    },
    "done": true
  },
  "cfm:recipes/decorations/white_trampoline": {
    "criteria": {
      "has_wool": "2024-05-24 01:00:56 +0000"
    },
    "done": true
  },
  "valhelsia_furniture:recipes/decorations/white_crimson_chair": {
    "criteria": {
      "has_white_wool": "2024-05-24 01:00:56 +0000"
    },
    "done": true
  },
  "valhelsia_furniture:recipes/decorations/white_upholstered_acacia_chair": {
    "criteria": {
      "has_white_wool": "2024-05-24 01:00:56 +0000"
    },
    "done": true
  },
  "valhelsia_furniture:recipes/decorations/white_upholstered_jungle_stool": {
    "criteria": {
      "has_white_wool": "2024-05-24 01:00:56 +0000"
    },
    "done": true
  },
  "minecraft:recipes/food/cooked_mutton": {
    "criteria": {
      "has_mutton": "2024-05-24 01:00:56 +0000"
    },
    "done": true
  },
  "minecraft:recipes/decorations/white_banner": {
    "criteria": {
      "has_white_wool": "2024-05-24 01:00:56 +0000"
    },
    "done": true
  },
  "valhelsia_furniture:recipes/decorations/white_oak_chair": {
    "criteria": {
      "has_white_wool": "2024-05-24 01:00:56 +0000"
    },
    "done": true
  },
  "valhelsia_furniture:recipes/decorations/white_upholstered_birch_chair": {
    "criteria": {
      "has_white_wool": "2024-05-24 01:00:56 +0000"
    },
    "done": true
  },
  "valhelsia_furniture:recipes/decorations/white_spruce_chair": {
    "criteria": {
      "has_white_wool": "2024-05-24 01:00:56 +0000"
    },
    "done": true
  },
  "minecraft:recipes/food/cooked_mutton_from_campfire_cooking": {
    "criteria": {
      "has_mutton": "2024-05-24 01:00:56 +0000"
    },
    "done": true
  },
  "cfm:recipes/decorations/white_sofa": {
    "criteria": {
      "has_wool": "2024-05-24 01:00:56 +0000"
    },
    "done": true
  },
  "comforts:hammock_white": {
    "criteria": {
      "has_white_wool": "2024-05-24 01:00:56 +0000"
    },
    "done": true
  },
  "valhelsia_furniture:recipes/decorations/white_cherry_chair": {
    "criteria": {
      "has_white_wool": "2024-05-24 01:00:56 +0000"
    },
    "done": true
  },
  "alexsmobs:alexsmobs/root": {
    "criteria": {
      "useitem": "2024-05-24 01:01:24 +0000"
    },
    "done": true
  },
  "minecraft:husbandry/root": {
    "criteria": {
      "consumed_item": "2024-05-24 01:01:24 +0000"
    },
    "done": true
  },
  "minecraft:recipes/misc/charcoal": {
    "criteria": {
      "has_log": "2024-05-24 01:04:16 +0000"
    },
    "done": true
  },
  "minecraft:recipes/building_blocks/acacia_planks": {
    "criteria": {
      "has_log": "2024-05-24 01:04:16 +0000"
    },
    "done": true
  },
  "regions_unexplored:recipes/building_blocks/lime_painted_planks": {
    "criteria": {
      "has_planks": "2024-05-24 01:04:32 +0000"
    },
    "done": true
  },
  "minecraft:recipes/redstone/acacia_button": {
    "criteria": {
      "has_planks": "2024-05-24 01:04:32 +0000"
    },
    "done": true
  },
  "cfm:recipes/decorations/acacia_cabinet": {
    "criteria": {
      "has_planks": "2024-05-24 01:04:32 +0000"
    },
    "done": true
  },
  "cfm:recipes/decorations/acacia_chair": {
    "criteria": {
      "has_planks": "2024-05-24 01:04:32 +0000"
    },
    "done": true
  },
  "cfm:recipes/decorations/acacia_kitchen_sink_dark": {
    "criteria": {
      "has_bottom": "2024-05-24 01:04:32 +0000"
    },
    "done": true
  },
  "valhelsia_furniture:recipes/decorations/purple_acacia_chair": {
    "criteria": {
      "has_acacia_planks": "2024-05-24 01:04:32 +0000"
    },
    "done": true
  },
  "cfm:recipes/decorations/acacia_desk": {
    "criteria": {
      "has_planks": "2024-05-24 01:04:32 +0000"
    },
    "done": true
  },
  "valhelsia_furniture:recipes/decorations/blue_acacia_chair": {
    "criteria": {
      "has_acacia_planks": "2024-05-24 01:04:32 +0000"
    },
    "done": true
  },
  "regions_unexplored:recipes/building_blocks/brown_painted_planks": {
    "criteria": {
      "has_planks": "2024-05-24 01:04:32 +0000"
    },
    "done": true
  },
  "minecraft:recipes/misc/stick": {
    "criteria": {
      "has_planks": "2024-05-24 01:04:32 +0000"
    },
    "done": true
  },
  "cfm:recipes/decorations/acacia_table": {
    "criteria": {
      "has_planks": "2024-05-24 01:04:32 +0000"
    },
    "done": true
  },
  "valhelsia_furniture:recipes/decorations/lime_upholstered_acacia_chair": {
    "criteria": {
      "has_acacia_planks": "2024-05-24 01:04:32 +0000"
    },
    "done": true
  },
  "valhelsia_furniture:recipes/decorations/light_blue_upholstered_acacia_chair": {
    "criteria": {
      "has_acacia_planks": "2024-05-24 01:04:32 +0000"
    },
    "done": true
  },
  "minecraft:recipes/building_blocks/acacia_stairs": {
    "criteria": {
      "has_planks": "2024-05-24 01:04:32 +0000"
    },
    "done": true
  },
  "valhelsia_furniture:recipes/decorations/gray_upholstered_acacia_chair": {
    "criteria": {
      "has_acacia_planks": "2024-05-24 01:04:32 +0000"
    },
    "done": true
  },
  "cfm:recipes/decorations/acacia_kitchen_counter": {
    "criteria": {
      "has_planks": "2024-05-24 01:04:32 +0000"
    },
    "done": true
  },
  "regions_unexplored:recipes/building_blocks/black_painted_planks": {
    "criteria": {
      "has_planks": "2024-05-24 01:04:32 +0000"
    },
    "done": true
  },
  "minecraft:recipes/redstone/acacia_door": {
    "criteria": {
      "has_planks": "2024-05-24 01:04:32 +0000"
    },
    "done": true
  },
  "cfm:recipes/decorations/acacia_kitchen_sink_light": {
    "criteria": {
      "has_bottom": "2024-05-24 01:04:32 +0000"
    },
    "done": true
  },
  "cfm:recipes/decorations/acacia_park_bench": {
    "criteria": {
      "has_planks": "2024-05-24 01:04:32 +0000"
    },
    "done": true
  },
  "regions_unexplored:recipes/building_blocks/cyan_painted_planks": {
    "criteria": {
      "has_planks": "2024-05-24 01:04:32 +0000"
    },
    "done": true
  },
  "valhelsia_furniture:recipes/decorations/magenta_acacia_chair": {
    "criteria": {
      "has_acacia_planks": "2024-05-24 01:04:32 +0000"
    },
    "done": true
  },
  "valhelsia_furniture:recipes/decorations/purple_upholstered_acacia_chair": {
    "criteria": {
      "has_acacia_planks": "2024-05-24 01:04:32 +0000"
    },
    "done": true
  },
  "cfm:recipes/decorations/acacia_kitchen_drawer": {
    "criteria": {
      "has_planks": "2024-05-24 01:04:32 +0000"
    },
    "done": true
  },
  "valhelsia_furniture:recipes/decorations/yellow_acacia_chair": {
    "criteria": {
      "has_acacia_planks": "2024-05-24 01:04:32 +0000"
    },
    "done": true
  },
  "valhelsia_furniture:recipes/decorations/pink_upholstered_acacia_chair": {
    "criteria": {
      "has_acacia_planks": "2024-05-24 01:04:32 +0000"
    },
    "done": true
  },
  "valhelsia_furniture:recipes/decorations/lime_acacia_chair": {
    "criteria": {
      "has_acacia_planks": "2024-05-24 01:04:32 +0000"
    },
    "done": true
  },
  "minecraft:recipes/decorations/acacia_sign": {
    "criteria": {
      "has_planks": "2024-05-24 01:04:32 +0000"
    },
    "done": true
  },
  "valhelsia_furniture:recipes/decorations/cyan_acacia_chair": {
    "criteria": {
      "has_acacia_planks": "2024-05-24 01:04:32 +0000"
    },
    "done": true
  },
  "regions_unexplored:recipes/building_blocks/blue_painted_planks": {
    "criteria": {
      "has_planks": "2024-05-24 01:04:32 +0000"
    },
    "done": true
  },
  "valhelsia_furniture:recipes/decorations/black_acacia_chair": {
    "criteria": {
      "has_acacia_planks": "2024-05-24 01:04:32 +0000"
    },
    "done": true
  },
  "cfm:recipes/decorations/acacia_desk_cabinet": {
    "criteria": {
      "has_planks": "2024-05-24 01:04:32 +0000"
    },
    "done": true
  },
  "cfm:recipes/decorations/acacia_bedside_cabinet": {
    "criteria": {
      "has_planks": "2024-05-24 01:04:32 +0000"
    },
    "done": true
  },
  "valhelsia_furniture:recipes/decorations/yellow_upholstered_acacia_chair": {
    "criteria": {
      "has_acacia_planks": "2024-05-24 01:04:32 +0000"
    },
    "done": true
  },
  "minecraft:recipes/decorations/barrel": {
    "criteria": {
      "has_planks": "2024-05-24 01:04:32 +0000"
    },
    "done": true
  },
  "valhelsia_furniture:recipes/decorations/pink_acacia_chair": {
    "criteria": {
      "has_acacia_planks": "2024-05-24 01:04:32 +0000"
    },
    "done": true
  },
  "valhelsia_furniture:recipes/decorations/green_acacia_chair": {
    "criteria": {
      "has_acacia_planks": "2024-05-24 01:04:32 +0000"
    },
    "done": true
  },
  "regions_unexplored:recipes/building_blocks/orange_painted_planks": {
    "criteria": {
      "has_planks": "2024-05-24 01:04:32 +0000"
    },
    "done": true
  },
  "valhelsia_furniture:recipes/decorations/brown_acacia_chair": {
    "criteria": {
      "has_acacia_planks": "2024-05-24 01:04:32 +0000"
    },
    "done": true
  },
  "valhelsia_furniture:recipes/decorations/green_upholstered_acacia_chair": {
    "criteria": {
      "has_acacia_planks": "2024-05-24 01:04:32 +0000"
    },
    "done": true
  },
  "valhelsia_furniture:recipes/decorations/gray_acacia_chair": {
    "criteria": {
      "has_acacia_planks": "2024-05-24 01:04:32 +0000"
    },
    "done": true
  },
  "regions_unexplored:recipes/building_blocks/gray_painted_planks": {
    "criteria": {
      "has_planks": "2024-05-24 01:04:32 +0000"
    },
    "done": true
  },
  "regions_unexplored:recipes/building_blocks/red_painted_planks": {
    "criteria": {
      "has_planks": "2024-05-24 01:04:32 +0000"
    },
    "done": true
  },
  "valhelsia_furniture:recipes/decorations/magenta_upholstered_acacia_chair": {
    "criteria": {
      "has_acacia_planks": "2024-05-24 01:04:32 +0000"
    },
    "done": true
  },
  "minecraft:recipes/redstone/acacia_pressure_plate": {
    "criteria": {
      "has_planks": "2024-05-24 01:04:32 +0000"
    },
    "done": true
  },
  "valhelsia_furniture:recipes/decorations/acacia_chair": {
    "criteria": {
      "has_acacia_planks": "2024-05-24 01:04:32 +0000"
    },
    "done": true
  },
  "regions_unexplored:recipes/building_blocks/green_painted_planks": {
    "criteria": {
      "has_planks": "2024-05-24 01:04:32 +0000"
    },
    "done": true
  },
  "minecraft:recipes/building_blocks/acacia_slab": {
    "criteria": {
      "has_planks": "2024-05-24 01:04:32 +0000"
    },
    "done": true
  },
  "valhelsia_furniture:recipes/decorations/cyan_upholstered_acacia_chair": {
    "criteria": {
      "has_acacia_planks": "2024-05-24 01:04:32 +0000"
    },
    "done": true
  },
  "valhelsia_furniture:recipes/decorations/red_upholstered_acacia_chair": {
    "criteria": {
      "has_acacia_planks": "2024-05-24 01:04:32 +0000"
    },
    "done": true
  },
  "minecraft:recipes/redstone/acacia_trapdoor": {
    "criteria": {
      "has_planks": "2024-05-24 01:04:32 +0000"
    },
    "done": true
  },
  "valhelsia_furniture:recipes/decorations/black_upholstered_acacia_chair": {
    "criteria": {
      "has_acacia_planks": "2024-05-24 01:04:32 +0000"
    },
    "done": true
  },
  "regions_unexplored:recipes/building_blocks/white_painted_planks": {
    "criteria": {
      "has_planks": "2024-05-24 01:04:32 +0000"
    },
    "done": true
  },
  "regions_unexplored:recipes/building_blocks/light_gray_painted_planks": {
    "criteria": {
      "has_planks": "2024-05-24 01:04:32 +0000"
    },
    "done": true
  },
  "jeg:recipes/jeg/workbench": {
    "criteria": {
      "has_planks": "2024-05-24 01:04:32 +0000"
    },
    "done": true
  },
  "regions_unexplored:recipes/building_blocks/light_blue_painted_planks": {
    "criteria": {
      "has_planks": "2024-05-24 01:04:32 +0000"
    },
    "done": true
  },
  "valhelsia_furniture:recipes/decorations/acacia_desk": {
    "criteria": {
      "has_acacia_planks": "2024-05-24 01:04:32 +0000"
    },
    "done": true
  },
  "regions_unexplored:recipes/building_blocks/yellow_painted_planks": {
    "criteria": {
      "has_planks": "2024-05-24 01:04:32 +0000"
    },
    "done": true
  },
  "regions_unexplored:recipes/building_blocks/purple_painted_planks": {
    "criteria": {
      "has_planks": "2024-05-24 01:04:32 +0000"
    },
    "done": true
  },
  "valhelsia_furniture:recipes/decorations/blue_upholstered_acacia_chair": {
    "criteria": {
      "has_acacia_planks": "2024-05-24 01:04:32 +0000"
    },
    "done": true
  },
  "valhelsia_furniture:recipes/decorations/hay_acacia_chair": {
    "criteria": {
      "has_acacia_planks": "2024-05-24 01:04:32 +0000"
    },
    "done": true
  },
  "minecraft:recipes/redstone/acacia_fence_gate": {
    "criteria": {
      "has_planks": "2024-05-24 01:04:32 +0000"
    },
    "done": true
  },
  "valhelsia_furniture:recipes/decorations/acacia_table": {
    "criteria": {
      "has_acacia_planks": "2024-05-24 01:04:32 +0000"
    },
    "done": true
  },
  "valhelsia_furniture:recipes/decorations/orange_upholstered_acacia_chair": {
    "criteria": {
      "has_acacia_planks": "2024-05-24 01:04:32 +0000"
    },
    "done": true
  },
  "cfm:recipes/decorations/acacia_coffee_table": {
    "criteria": {
      "has_planks": "2024-05-24 01:04:32 +0000"
    },
    "done": true
  },
  "regions_unexplored:recipes/building_blocks/pink_painted_planks": {
    "criteria": {
      "has_planks": "2024-05-24 01:04:32 +0000"
    },
    "done": true
  },
  "valhelsia_furniture:recipes/decorations/light_gray_upholstered_acacia_chair": {
    "criteria": {
      "has_acacia_planks": "2024-05-24 01:04:32 +0000"
    },
    "done": true
  },
  "valhelsia_furniture:recipes/decorations/acacia_desk_drawer": {
    "criteria": {
      "has_acacia_planks": "2024-05-24 01:04:32 +0000"
    },
    "done": true
  },
  "valhelsia_furniture:recipes/decorations/brown_upholstered_acacia_chair": {
    "criteria": {
      "has_acacia_planks": "2024-05-24 01:04:32 +0000"
    },
    "done": true
  },
  "valhelsia_furniture:recipes/decorations/light_gray_acacia_chair": {
    "criteria": {
      "has_acacia_planks": "2024-05-24 01:04:32 +0000"
    },
    "done": true
  },
  "regions_unexplored:recipes/building_blocks/magenta_painted_planks": {
    "criteria": {
      "has_planks": "2024-05-24 01:04:32 +0000"
    },
    "done": true
  },
  "valhelsia_furniture:recipes/decorations/orange_acacia_chair": {
    "criteria": {
      "has_acacia_planks": "2024-05-24 01:04:32 +0000"
    },
    "done": true
  },
  "valhelsia_furniture:recipes/decorations/light_blue_acacia_chair": {
    "criteria": {
      "has_acacia_planks": "2024-05-24 01:04:32 +0000"
    },
    "done": true
  },
  "minecraft:recipes/decorations/acacia_fence": {
    "criteria": {
      "has_planks": "2024-05-24 01:04:32 +0000"
    },
    "done": true
  },
  "valhelsia_furniture:recipes/decorations/red_acacia_chair": {
    "criteria": {
      "has_acacia_planks": "2024-05-24 01:04:32 +0000"
    },
    "done": true
  },
  "cfm:recipes/decorations/acacia_crate": {
    "criteria": {
      "has_planks": "2024-05-24 01:04:32 +0000"
    },
    "done": true
  },
  "minecraft:recipes/decorations/ladder": {
    "criteria": {
      "has_stick": "2024-05-24 01:04:34 +0000"
    },
    "done": true
  },
  "minecraft:recipes/tools/wooden_axe": {
    "criteria": {
      "has_stick": "2024-05-24 01:04:34 +0000"
    },
    "done": true
  },
  "minecraft:recipes/decorations/campfire": {
    "criteria": {
      "has_stick": "2024-05-24 01:04:34 +0000"
    },
    "done": true
  },
  "minecraft:recipes/tools/wooden_hoe": {
    "criteria": {
      "has_stick": "2024-05-24 01:04:34 +0000"
    },
    "done": true
  },
  "minecraft:recipes/tools/wooden_shovel": {
    "criteria": {
      "has_stick": "2024-05-24 01:04:34 +0000"
    },
    "done": true
  },
  "paraglider:recipes/misc/paraglider": {
    "criteria": {
      "has_stick": "2024-05-24 01:04:34 +0000"
    },
    "done": true
  },
  "minecraft:recipes/combat/wooden_sword": {
    "criteria": {
      "has_stick": "2024-05-24 01:04:34 +0000"
    },
    "done": true
  },
  "beautify:blinds": {
    "criteria": {
      "requirement": "2024-05-24 01:04:34 +0000"
    },
    "done": true
  },
  "minecraft:recipes/tools/wooden_pickaxe": {
    "criteria": {
      "has_stick": "2024-05-24 01:04:34 +0000"
    },
    "done": true
  },
  "beautify:trellis": {
    "criteria": {
      "requirement": "2024-05-24 01:04:34 +0000"
    },
    "done": true
  },
  "minecraft:recipes/decorations/chest": {
    "criteria": {
      "has_lots_of_items": "2024-05-24 01:04:40 +0000"
    },
    "done": true
  },
  "aether:recipes/tools/wooden_pickaxe_repairing": {
    "criteria": {
      "has_wooden_pickaxe": "2024-05-24 01:04:40 +0000"
    },
    "done": true
  },
  "aether:recipes/decorations/skyroot_chest": {
    "criteria": {
      "has_lots_of_items": "2024-05-24 01:04:40 +0000"
    },
    "done": true
  },
  "minecraft:story/mine_stone": {
    "criteria": {
      "get_stone": "2024-05-24 01:04:54 +0000"
    },
    "done": true
  },
  "minecraft:recipes/decorations/furnace": {
    "criteria": {
      "has_cobblestone": "2024-05-24 01:04:54 +0000"
    },
    "done": true
  },
  "minecraft:recipes/building_blocks/cobblestone_slab_from_cobblestone_stonecutting": {
    "criteria": {
      "has_cobblestone": "2024-05-24 01:04:54 +0000"
    },
    "done": true
  },
  "minecraft:recipes/building_blocks/stone": {
    "criteria": {
      "has_cobblestone": "2024-05-24 01:04:54 +0000"
    },
    "done": true
  },
  "minecraft:recipes/tools/stone_pickaxe": {
    "criteria": {
      "has_cobblestone": "2024-05-24 01:04:54 +0000"
    },
    "done": true
  },
  "minecraft:recipes/building_blocks/cobblestone_slab": {
    "criteria": {
      "has_cobblestone": "2024-05-24 01:04:54 +0000"
    },
    "done": true
  },
  "minecraft:recipes/decorations/cobblestone_wall_from_cobblestone_stonecutting": {
    "criteria": {
      "has_cobblestone": "2024-05-24 01:04:54 +0000"
    },
    "done": true
  },
  "minecraft:recipes/building_blocks/cobblestone_stairs": {
    "criteria": {
      "has_cobblestone": "2024-05-24 01:04:54 +0000"
    },
    "done": true
  },
  "minecraft:recipes/tools/stone_shovel": {
    "criteria": {
      "has_cobblestone": "2024-05-24 01:04:54 +0000"
    },
    "done": true
  },
  "minecraft:recipes/redstone/lever": {
    "criteria": {
      "has_cobblestone": "2024-05-24 01:04:54 +0000"
    },
    "done": true
  },
  "minecraft:recipes/combat/stone_sword": {
    "criteria": {
      "has_cobblestone": "2024-05-24 01:04:54 +0000"
    },
    "done": true
  },
  "minecraft:recipes/decorations/cobblestone_wall": {
    "criteria": {
      "has_cobblestone": "2024-05-24 01:04:54 +0000"
    },
    "done": true
  },
  "minecraft:recipes/tools/stone_axe": {
    "criteria": {
      "has_cobblestone": "2024-05-24 01:04:54 +0000"
    },
    "done": true
  },
  "minecraft:recipes/building_blocks/cobblestone_stairs_from_cobblestone_stonecutting": {
    "criteria": {
      "has_cobblestone": "2024-05-24 01:04:54 +0000"
    },
    "done": true
  },
  "minecraft:recipes/tools/stone_hoe": {
    "criteria": {
      "has_cobblestone": "2024-05-24 01:04:54 +0000"
    },
    "done": true
  },
  "minecraft:recipes/building_blocks/coal_block": {
    "criteria": {
      "has_coal": "2024-05-24 01:05:34 +0000"
    },
    "done": true
  },
  "valhelsia_structures:recipes/decorations/brazier": {
    "criteria": {
      "has_coals": "2024-05-24 01:05:34 +0000"
    },
    "done": true
  },
  "paraglider:root": {
    "criteria": {
      "crafting_table": "2024-05-24 01:05:48 +0000"
    },
    "done": true
  },
  "minecraft:story/root": {
    "criteria": {
      "crafting_table": "2024-05-24 01:05:48 +0000"
    },
    "done": true
  },
  "minecraft:recipes/decorations/smoker": {
    "criteria": {
      "has_furnace": "2024-05-24 01:05:55 +0000"
    },
    "done": true
  },
  "minecraft:husbandry/balanced_diet": {
    "criteria": {
      "cooked_mutton": "2024-05-24 01:06:40 +0000",
      "cooked_beef": "2024-05-24 01:18:22 +0000",
      "apple": "2024-05-24 01:20:02 +0000",
      "potato": "2024-05-24 01:56:08 +0000",
      "cooked_cod": "2024-05-24 01:43:11 +0000",
      "bread": "2024-05-24 01:30:32 +0000",
      "rotten_flesh": "2024-05-24 01:42:20 +0000"
    },
    "done": false
  },
  "aether:recipes/combat/stone_sword_repairing": {
    "criteria": {
      "has_stone_sword": "2024-05-24 01:07:17 +0000"
    },
    "done": true
  },
  "regions_unexplored:recipes/transportation/maple_boat": {
    "criteria": {
      "in_water": "2024-05-24 01:11:24 +0000"
    },
    "done": true
  },
  "smallships:recipes/transportation/bamboo_galley": {
    "criteria": {
      "in_water": "2024-05-24 01:11:24 +0000"
    },
    "done": true
  },
  "smallships:recipes/transportation/spruce_cog": {
    "criteria": {
      "in_water": "2024-05-24 01:11:24 +0000"
    },
    "done": true
  },
  "smallships:recipes/transportation/acacia_cog": {
    "criteria": {
      "in_water": "2024-05-24 01:11:24 +0000"
    },
    "done": true
  },
  "ecologics:recipes/ecologics/azalea_boat": {
    "criteria": {
      "in_water": "2024-05-24 01:11:24 +0000"
    },
    "done": true
  },
  "biomesoplenty:recipes/transportation/willow_boat": {
    "criteria": {
      "in_water": "2024-05-24 01:11:24 +0000"
    },
    "done": true
  },
  "aether:recipes/transportation/skyroot_boat": {
    "criteria": {
      "in_water": "2024-05-24 01:11:24 +0000"
    },
    "done": true
  },
  "regions_unexplored:recipes/transportation/magnolia_boat": {
    "criteria": {
      "in_water": "2024-05-24 01:11:24 +0000"
    },
    "done": true
  },
  "smallships:recipes/transportation/jungle_cog": {
    "criteria": {
      "in_water": "2024-05-24 01:11:24 +0000"
    },
    "done": true
  },
  "smallships:recipes/transportation/dark_oak_brigg": {
    "criteria": {
      "in_water": "2024-05-24 01:11:24 +0000"
    },
    "done": true
  },
  "smallships:recipes/transportation/birch_galley": {
    "criteria": {
      "in_water": "2024-05-24 01:11:24 +0000"
    },
    "done": true
  },
  "minecraft:recipes/transportation/cherry_boat": {
    "criteria": {
      "in_water": "2024-05-24 01:11:24 +0000"
    },
    "done": true
  },
  "biomesoplenty:recipes/transportation/umbran_boat": {
    "criteria": {
      "in_water": "2024-05-24 01:11:24 +0000"
    },
    "done": true
  },
  "smallships:recipes/transportation/oak_drakkar": {
    "criteria": {
      "in_water": "2024-05-24 01:11:24 +0000"
    },
    "done": true
  },
  "minecraft:recipes/transportation/bamboo_raft": {
    "criteria": {
      "in_water": "2024-05-24 01:11:24 +0000"
    },
    "done": true
  },
  "smallships:recipes/transportation/mangrove_brigg": {
    "criteria": {
      "in_water": "2024-05-24 01:11:24 +0000"
    },
    "done": true
  },
  "biomesoplenty:recipes/transportation/dead_boat": {
    "criteria": {
      "in_water": "2024-05-24 01:11:24 +0000"
    },
    "done": true
  },
  "biomesoplenty:recipes/transportation/magic_boat": {
    "criteria": {
      "in_water": "2024-05-24 01:11:24 +0000"
    },
    "done": true
  },
  "smallships:recipes/transportation/jungle_brigg": {
    "criteria": {
      "in_water": "2024-05-24 01:11:24 +0000"
    },
    "done": true
  },
  "regions_unexplored:recipes/transportation/kapok_boat": {
    "criteria": {
      "in_water": "2024-05-24 01:11:24 +0000"
    },
    "done": true
  },
  "regions_unexplored:recipes/transportation/cypress_boat": {
    "criteria": {
      "in_water": "2024-05-24 01:11:24 +0000"
    },
    "done": true
  },
  "smallships:recipes/transportation/spruce_galley": {
    "criteria": {
      "in_water": "2024-05-24 01:11:24 +0000"
    },
    "done": true
  },
  "ecologics:recipes/ecologics/walnut_boat": {
    "criteria": {
      "in_water": "2024-05-24 01:11:24 +0000"
    },
    "done": true
  },
  "smallships:recipes/transportation/birch_cog": {
    "criteria": {
      "in_water": "2024-05-24 01:11:24 +0000"
    },
    "done": true
  },
  "smallships:recipes/transportation/mangrove_drakkar": {
    "criteria": {
      "in_water": "2024-05-24 01:11:24 +0000"
    },
    "done": true
  },
  "smallships:recipes/misc/sail": {
    "criteria": {
      "in_water": "2024-05-24 01:11:24 +0000"
    },
    "done": true
  },
  "regions_unexplored:recipes/transportation/larch_boat": {
    "criteria": {
      "in_water": "2024-05-24 01:11:24 +0000"
    },
    "done": true
  },
  "smallships:recipes/transportation/acacia_galley": {
    "criteria": {
      "in_water": "2024-05-24 01:11:24 +0000"
    },
    "done": true
  },
  "minecraft:recipes/transportation/acacia_boat": {
    "criteria": {
      "in_water": "2024-05-24 01:11:24 +0000"
    },
    "done": true
  },
  "smallships:recipes/transportation/jungle_galley": {
    "criteria": {
      "in_water": "2024-05-24 01:11:24 +0000"
    },
    "done": true
  },
  "smallships:recipes/transportation/dark_oak_galley": {
    "criteria": {
      "in_water": "2024-05-24 01:11:24 +0000"
    },
    "done": true
  },
  "smallships:recipes/transportation/bamboo_brigg": {
    "criteria": {
      "in_water": "2024-05-24 01:11:24 +0000"
    },
    "done": true
  },
  "smallships:recipes/transportation/spruce_drakkar": {
    "criteria": {
      "in_water": "2024-05-24 01:11:24 +0000"
    },
    "done": true
  },
  "minecraft:recipes/transportation/jungle_boat": {
    "criteria": {
      "in_water": "2024-05-24 01:11:24 +0000"
    },
    "done": true
  },
  "regions_unexplored:recipes/transportation/blackwood_boat": {
    "criteria": {
      "in_water": "2024-05-24 01:11:24 +0000"
    },
    "done": true
  },
  "twilightforest:recipes/transportation/twilight_oak_boat": {
    "criteria": {
      "in_water": "2024-05-24 01:11:24 +0000"
    },
    "done": true
  },
  "twilightforest:recipes/transportation/time_boat": {
    "criteria": {
      "in_water": "2024-05-24 01:11:24 +0000"
    },
    "done": true
  },
  "twilightforest:recipes/transportation/mining_boat": {
    "criteria": {
      "in_water": "2024-05-24 01:11:24 +0000"
    },
    "done": true
  },
  "smallships:recipes/transportation/oak_brigg": {
    "criteria": {
      "in_water": "2024-05-24 01:11:24 +0000"
    },
    "done": true
  },
  "smallships:recipes/transportation/bamboo_cog": {
    "criteria": {
      "in_water": "2024-05-24 01:11:24 +0000"
    },
    "done": true
  },
  "regions_unexplored:recipes/transportation/pine_boat": {
    "criteria": {
      "in_water": "2024-05-24 01:11:24 +0000"
    },
    "done": true
  },
  "regions_unexplored:recipes/transportation/eucalyptus_boat": {
    "criteria": {
      "in_water": "2024-05-24 01:11:24 +0000"
    },
    "done": true
  },
  "twilightforest:recipes/transportation/mangrove_boat": {
    "criteria": {
      "in_water": "2024-05-24 01:11:24 +0000"
    },
    "done": true
  },
  "regions_unexplored:recipes/transportation/palm_boat": {
    "criteria": {
      "in_water": "2024-05-24 01:11:24 +0000"
    },
    "done": true
  },
  "biomesoplenty:recipes/transportation/fir_boat": {
    "criteria": {
      "in_water": "2024-05-24 01:11:24 +0000"
    },
    "done": true
  },
  "twilightforest:recipes/transportation/transformation_boat": {
    "criteria": {
      "in_water": "2024-05-24 01:11:24 +0000"
    },
    "done": true
  },
  "regions_unexplored:recipes/transportation/socotra_boat": {
    "criteria": {
      "in_water": "2024-05-24 01:11:24 +0000"
    },
    "done": true
  },
  "smallships:recipes/transportation/oak_cog": {
    "criteria": {
      "in_water": "2024-05-24 01:11:24 +0000"
    },
    "done": true
  },
  "smallships:recipes/transportation/oak_galley": {
    "criteria": {
      "in_water": "2024-05-24 01:11:24 +0000"
    },
    "done": true
  },
  "minecraft:recipes/transportation/spruce_boat": {
    "criteria": {
      "in_water": "2024-05-24 01:11:24 +0000"
    },
    "done": true
  },
  "smallships:recipes/transportation/acacia_brigg": {
    "criteria": {
      "in_water": "2024-05-24 01:11:24 +0000"
    },
    "done": true
  },
  "minecraft:recipes/transportation/birch_boat": {
    "criteria": {
      "in_water": "2024-05-24 01:11:24 +0000"
    },
    "done": true
  },
  "regions_unexplored:recipes/transportation/dead_boat": {
    "criteria": {
      "in_water": "2024-05-24 01:11:24 +0000"
    },
    "done": true
  },
  "minecraft:recipes/transportation/oak_boat": {
    "criteria": {
      "in_water": "2024-05-24 01:11:24 +0000"
    },
    "done": true
  },
  "biomesoplenty:recipes/transportation/redwood_boat": {
    "criteria": {
      "in_water": "2024-05-24 01:11:24 +0000"
    },
    "done": true
  },
  "smallships:recipes/transportation/mangrove_galley": {
    "criteria": {
      "in_water": "2024-05-24 01:11:24 +0000"
    },
    "done": true
  },
  "smallships:recipes/transportation/dark_oak_cog": {
    "criteria": {
      "in_water": "2024-05-24 01:11:24 +0000"
    },
    "done": true
  },
  "smallships:recipes/transportation/birch_drakkar": {
    "criteria": {
      "in_water": "2024-05-24 01:11:24 +0000"
    },
    "done": true
  },
  "minecraft:recipes/transportation/mangrove_boat": {
    "criteria": {
      "in_water": "2024-05-24 01:11:24 +0000"
    },
    "done": true
  },
  "regions_unexplored:recipes/transportation/mauve_boat": {
    "criteria": {
      "in_water": "2024-05-24 01:11:24 +0000"
    },
    "done": true
  },
  "biomesoplenty:recipes/transportation/hellbark_boat": {
    "criteria": {
      "in_water": "2024-05-24 01:11:24 +0000"
    },
    "done": true
  },
  "regions_unexplored:recipes/transportation/redwood_boat": {
    "criteria": {
      "in_water": "2024-05-24 01:11:24 +0000"
    },
    "done": true
  },
  "smallships:recipes/transportation/dark_oak_drakkar": {
    "criteria": {
      "in_water": "2024-05-24 01:11:24 +0000"
    },
    "done": true
  },
  "biomesoplenty:recipes/transportation/jacaranda_boat": {
    "criteria": {
      "in_water": "2024-05-24 01:11:24 +0000"
    },
    "done": true
  },
  "twilightforest:recipes/transportation/canopy_boat": {
    "criteria": {
      "in_water": "2024-05-24 01:11:24 +0000"
    },
    "done": true
  },
  "smallships:recipes/transportation/jungle_drakkar": {
    "criteria": {
      "in_water": "2024-05-24 01:11:24 +0000"
    },
    "done": true
  },
  "biomesoplenty:recipes/transportation/mahogany_boat": {
    "criteria": {
      "in_water": "2024-05-24 01:11:24 +0000"
    },
    "done": true
  },
  "twilightforest:recipes/transportation/dark_boat": {
    "criteria": {
      "in_water": "2024-05-24 01:11:24 +0000"
    },
    "done": true
  },
  "smallships:recipes/transportation/birch_brigg": {
    "criteria": {
      "in_water": "2024-05-24 01:11:24 +0000"
    },
    "done": true
  },
  "smallships:recipes/transportation/acacia_drakkar": {
    "criteria": {
      "in_water": "2024-05-24 01:11:24 +0000"
    },
    "done": true
  },
  "ecologics:recipes/ecologics/coconut_boat": {
    "criteria": {
      "in_water": "2024-05-24 01:11:24 +0000"
    },
    "done": true
  },
  "biomesoplenty:recipes/transportation/palm_boat": {
    "criteria": {
      "in_water": "2024-05-24 01:11:24 +0000"
    },
    "done": true
  },
  "regions_unexplored:recipes/transportation/baobab_boat": {
    "criteria": {
      "in_water": "2024-05-24 01:11:24 +0000"
    },
    "done": true
  },
  "smallships:recipes/transportation/cherry_galley": {
    "criteria": {
      "in_water": "2024-05-24 01:11:24 +0000"
    },
    "done": true
  },
  "ecologics:recipes/ecologics/flowering_azalea_boat": {
    "criteria": {
      "in_water": "2024-05-24 01:11:24 +0000"
    },
    "done": true
  },
  "smallships:recipes/transportation/cherry_brigg": {
    "criteria": {
      "in_water": "2024-05-24 01:11:24 +0000"
    },
    "done": true
  },
  "smallships:recipes/transportation/spruce_brigg": {
    "criteria": {
      "in_water": "2024-05-24 01:11:24 +0000"
    },
    "done": true
  },
  "twilightforest:recipes/transportation/sorting_boat": {
    "criteria": {
      "in_water": "2024-05-24 01:11:24 +0000"
    },
    "done": true
  },
  "regions_unexplored:recipes/transportation/willow_boat": {
    "criteria": {
      "in_water": "2024-05-24 01:11:24 +0000"
    },
    "done": true
  },
  "smallships:recipes/transportation/mangrove_cog": {
    "criteria": {
      "in_water": "2024-05-24 01:11:24 +0000"
    },
    "done": true
  },
  "smallships:recipes/transportation/cherry_cog": {
    "criteria": {
      "in_water": "2024-05-24 01:11:24 +0000"
    },
    "done": true
  },
  "regions_unexplored:recipes/transportation/joshua_boat": {
    "criteria": {
      "in_water": "2024-05-24 01:11:24 +0000"
    },
    "done": true
  },
  "minecraft:recipes/transportation/dark_oak_boat": {
    "criteria": {
      "in_water": "2024-05-24 01:11:24 +0000"
    },
    "done": true
  },
  "minecraft:adventure/adventuring_time": {
    "criteria": {
      "minecraft:beach": "2024-05-24 01:26:44 +0000",
      "minecraft:river": "2024-05-24 01:11:28 +0000",
      "minecraft:stony_shore": "2024-05-24 01:37:11 +0000",
      "minecraft:forest": "2024-05-24 01:29:39 +0000",
      "minecraft:ocean": "2024-05-24 01:34:57 +0000",
      "minecraft:plains": "2024-05-24 01:34:52 +0000"
    },
    "done": false
  },
  "biomesoplenty:recipes/misc/purple_dye_from_lavender": {
    "criteria": {
      "has_flower": "2024-05-24 01:11:43 +0000"
    },
    "done": true
  },
  "minecraft:recipes/combat/leather_helmet": {
    "criteria": {
      "has_leather": "2024-05-24 01:12:14 +0000"
    },
    "done": true
  },
  "minecraft:recipes/combat/leather_chestplate": {
    "criteria": {
      "has_leather": "2024-05-24 01:12:14 +0000"
    },
    "done": true
  },
  "aether:recipes/tools/aether_saddle": {
    "criteria": {
      "has_leather": "2024-05-24 01:12:14 +0000"
    },
    "done": true
  },
  "minecraft:recipes/misc/leather_horse_armor": {
    "criteria": {
      "has_leather": "2024-05-24 01:12:14 +0000"
    },
    "done": true
  },
  "minecraft:recipes/food/cooked_beef_from_smoking": {
    "criteria": {
      "has_beef": "2024-05-24 01:12:14 +0000"
    },
    "done": true
  },
  "minecraft:recipes/decorations/item_frame": {
    "criteria": {
      "has_leather": "2024-05-24 01:12:14 +0000"
    },
    "done": true
  },
  "valhelsia_structures:recipes/decorations/explorers_tent": {
    "criteria": {
      "has_leather": "2024-05-24 01:12:14 +0000"
    },
    "done": true
  },
  "minecraft:recipes/combat/leather_boots": {
    "criteria": {
      "has_leather": "2024-05-24 01:12:14 +0000"
    },
    "done": true
  },
  "aether:recipes/combat/leather_gloves": {
    "criteria": {
      "has_leather": "2024-05-24 01:12:14 +0000"
    },
    "done": true
  },
  "minecraft:recipes/food/cooked_beef": {
    "criteria": {
      "has_beef": "2024-05-24 01:12:14 +0000"
    },
    "done": true
  },
  "minecraft:recipes/combat/leather_leggings": {
    "criteria": {
      "has_leather": "2024-05-24 01:12:14 +0000"
    },
    "done": true
  },
  "minecraft:recipes/food/cooked_beef_from_grill_cooking": {
    "criteria": {
      "has_beef": "2024-05-24 01:12:14 +0000"
    },
    "done": true
  },
  "minecraft:recipes/food/cooked_beef_from_campfire_cooking": {
    "criteria": {
      "has_beef": "2024-05-24 01:12:14 +0000"
    },
    "done": true
  },
  "minecraft:recipes/food/cooked_porkchop": {
    "criteria": {
      "has_porkchop": "2024-05-24 01:13:18 +0000"
    },
    "done": true
  },
  "minecraft:recipes/food/cooked_porkchop_from_grill_cooking": {
    "criteria": {
      "has_porkchop": "2024-05-24 01:13:18 +0000"
    },
    "done": true
  },
  "minecraft:recipes/food/cooked_porkchop_from_smoking": {
    "criteria": {
      "has_porkchop": "2024-05-24 01:13:18 +0000"
    },
    "done": true
  },
  "minecraft:recipes/food/cooked_porkchop_from_campfire_cooking": {
    "criteria": {
      "has_porkchop": "2024-05-24 01:13:18 +0000"
    },
    "done": true
  },
  "cfm:recipes/decorations/diving_board": {
    "criteria": {
      "has_wheat": "2024-05-24 01:16:24 +0000"
    },
    "done": true
  },
  "minecraft:recipes/food/bread": {
    "criteria": {
      "has_wheat": "2024-05-24 01:16:24 +0000"
    },
    "done": true
  },
  "minecraft:recipes/building_blocks/hay_block": {
    "criteria": {
      "has_wheat": "2024-05-24 01:16:24 +0000"
    },
    "done": true
  },
  "cfm:recipes/decorations/door_mat": {
    "criteria": {
      "has_wheat": "2024-05-24 01:16:24 +0000"
    },
    "done": true
  },
  "minecraft:recipes/food/baked_potato_from_grill_cooking": {
    "criteria": {
      "has_potato": "2024-05-24 01:16:25 +0000"
    },
    "done": true
  },
  "minecraft:recipes/food/baked_potato_from_campfire_cooking": {
    "criteria": {
      "has_potato": "2024-05-24 01:16:25 +0000"
    },
    "done": true
  },
  "minecraft:recipes/food/baked_potato": {
    "criteria": {
      "has_potato": "2024-05-24 01:16:25 +0000"
    },
    "done": true
  },
  "minecraft:recipes/food/baked_potato_from_smoking": {
    "criteria": {
      "has_potato": "2024-05-24 01:16:25 +0000"
    },
    "done": true
  },
  "minecraft:recipes/transportation/carrot_on_a_stick": {
    "criteria": {
      "has_carrot": "2024-05-24 01:16:28 +0000"
    },
    "done": true
  },
  "regions_unexplored:regions_explored": {
    "criteria": {
      "rocky_meadow": "2024-05-24 01:18:33 +0000",
      "magnolia_highlands": "2024-05-24 01:18:50 +0000",
      "bamboo_forest": "2024-05-24 01:49:24 +0000"
    },
    "done": false
  },
  "regions_unexplored:pioneer": {
    "criteria": {
      "rocky_meadow": "2024-05-24 01:18:33 +0000",
      "magnolia_highlands": "2024-05-24 01:18:50 +0000",
      "bamboo_forest": "2024-05-24 01:49:24 +0000"
    },
    "done": false
  },
  "minecraft:recipes/brewing/golden_carrot": {
    "criteria": {
      "has_gold_nugget": "2024-05-24 01:20:56 +0000"
    },
    "done": true
  },
  "minecraft:recipes/misc/gold_ingot_from_nuggets": {
    "criteria": {
      "has_gold_nugget": "2024-05-24 01:20:56 +0000"
    },
    "done": true
  },
  "aether:recipes/building_blocks/packed_ice_freezing": {
    "criteria": {
      "has_water_bucket": "2024-05-24 01:21:15 +0000"
    },
    "done": true
  },
  "minecraft:recipes/brewing/cauldron": {
    "criteria": {
      "has_water_bucket": "2024-05-24 01:21:15 +0000"
    },
    "done": true
  },
  "minecraft:recipes/misc/ice_from_freezing": {
    "criteria": {
      "has_water": "2024-05-24 01:21:15 +0000"
    },
    "done": true
  },
  "aether:recipes/building_blocks/blue_ice_freezing": {
    "criteria": {
      "has_water_bucket": "2024-05-24 01:21:15 +0000"
    },
    "done": true
  },
  "aether:recipes/building_blocks/ice_from_bucket_freezing": {
    "criteria": {
      "has_water_bucket": "2024-05-24 01:21:15 +0000"
    },
    "done": true
  },
  "spawn:recipes/tuna/tuna_sandwich_from_bread": {
    "criteria": {
      "has_item": "2024-05-24 01:30:25 +0000"
    },
    "done": true
  },
  "regions_unexplored:recipes/misc/white_magnolia_sapling_from_white_magnolia_shrub": {
    "criteria": {
      "has_white_magnolia_shrub": "2024-05-24 01:32:25 +0000"
    },
    "done": true
  },
  "regions_unexplored:recipes/building_blocks/magnolia_planks": {
    "criteria": {
      "has_logs": "2024-05-24 01:32:33 +0000"
    },
    "done": true
  },
  "regions_unexplored:got_wood": {
    "criteria": {
      "magnolia_log": "2024-05-24 01:32:33 +0000"
    },
    "done": false
  },
  "regions_unexplored:recipes/building_blocks/magnolia_wood": {
    "criteria": {
      "has_log": "2024-05-24 01:32:33 +0000"
    },
    "done": true
  },
  "regions_unexplored:recipes/decorations/magnolia_branch_from_magnolia_log": {
    "criteria": {
      "has_log": "2024-05-24 01:32:33 +0000"
    },
    "done": true
  },
  "regions_unexplored:recipes/redstone/magnolia_button": {
    "criteria": {
      "has_magnolia_planks": "2024-05-24 01:33:08 +0000"
    },
    "done": true
  },
  "regions_unexplored:recipes/redstone/magnolia_trapdoor": {
    "criteria": {
      "has_magnolia_planks": "2024-05-24 01:33:08 +0000"
    },
    "done": true
  },
  "regions_unexplored:recipes/decorations/magnolia_fence": {
    "criteria": {
      "has_magnolia_planks": "2024-05-24 01:33:08 +0000"
    },
    "done": true
  },
  "regions_unexplored:recipes/redstone/magnolia_fence_gate": {
    "criteria": {
      "has_magnolia_planks": "2024-05-24 01:33:08 +0000"
    },
    "done": true
  },
  "regions_unexplored:recipes/building_blocks/magnolia_slab": {
    "criteria": {
      "has_magnolia_planks": "2024-05-24 01:33:08 +0000"
    },
    "done": true
  },
  "regions_unexplored:recipes/building_blocks/magnolia_stairs": {
    "criteria": {
      "has_magnolia_planks": "2024-05-24 01:33:08 +0000"
    },
    "done": true
  },
  "regions_unexplored:recipes/redstone/magnolia_door": {
    "criteria": {
      "has_magnolia_planks": "2024-05-24 01:33:08 +0000"
    },
    "done": true
  },
  "regions_unexplored:recipes/redstone/magnolia_pressure_plate": {
    "criteria": {
      "has_magnolia_planks": "2024-05-24 01:33:08 +0000"
    },
    "done": true
  },
  "regions_unexplored:recipes/decorations/magnolia_sign": {
    "criteria": {
      "has_magnolia_planks": "2024-05-24 01:33:08 +0000"
    },
    "done": true
  },
  "aether:recipes/tools/stone_pickaxe_repairing": {
    "criteria": {
      "has_stone_pickaxe": "2024-05-24 01:33:33 +0000"
    },
    "done": true
  },
  "minecraft:recipes/decorations/torch": {
    "criteria": {
      "has_stone_pickaxe": "2024-05-24 01:33:33 +0000"
    },
    "done": true
  },
  "minecraft:story/upgrade_tools": {
    "criteria": {
      "stone_pickaxe": "2024-05-24 01:33:33 +0000"
    },
    "done": true
  },
  "valhelsia_structures:recipes/building_blocks/bone_pile": {
    "criteria": {
      "has_bone": "2024-05-24 01:34:32 +0000"
    },
    "done": true
  },
  "minecraft:recipes/building_blocks/stone_brick_stairs": {
    "criteria": {
      "has_stone_bricks": "2024-05-24 01:34:32 +0000"
    },
    "done": true
  },
  "minecraft:recipes/decorations/mossy_stone_brick_wall": {
    "criteria": {
      "has_mossy_stone_bricks": "2024-05-24 01:34:32 +0000"
    },
    "done": true
  },
  "minecraft:recipes/building_blocks/mossy_stone_brick_slab": {
    "criteria": {
      "has_mossy_stone_bricks": "2024-05-24 01:34:32 +0000"
    },
    "done": true
  },
  "minecraft:recipes/building_blocks/stone_brick_slab": {
    "criteria": {
      "has_stone_bricks": "2024-05-24 01:34:32 +0000"
    },
    "done": true
  },
  "minecraft:recipes/building_blocks/mossy_stone_brick_stairs_from_mossy_stone_brick_stonecutting": {
    "criteria": {
      "has_mossy_stone_bricks": "2024-05-24 01:34:32 +0000"
    },
    "done": true
  },
  "minecraft:recipes/building_blocks/mossy_stone_brick_slab_from_mossy_stone_brick_stonecutting": {
    "criteria": {
      "has_mossy_stone_bricks": "2024-05-24 01:34:32 +0000"
    },
    "done": true
  },
  "minecraft:recipes/building_blocks/chiseled_stone_bricks": {
    "criteria": {
      "has_tag": "2024-05-24 01:34:32 +0000"
    },
    "done": true
  },
  "valhelsia_structures:recipes/misc/bone_pile_block_from_bone": {
    "criteria": {
      "has_bone": "2024-05-24 01:34:32 +0000"
    },
    "done": true
  },
  "minecraft:recipes/misc/bone_meal": {
    "criteria": {
      "has_bone": "2024-05-24 01:34:32 +0000"
    },
    "done": true
  },
  "minecraft:recipes/building_blocks/mossy_stone_brick_stairs": {
    "criteria": {
      "has_mossy_stone_bricks": "2024-05-24 01:34:32 +0000"
    },
    "done": true
  },
  "minecraft:recipes/decorations/mossy_stone_brick_wall_from_mossy_stone_brick_stonecutting": {
    "criteria": {
      "has_mossy_stone_bricks": "2024-05-24 01:34:32 +0000"
    },
    "done": true
  },
  "minecraft:adventure/sleep_in_bed": {
    "criteria": {
      "slept_in_bed": "2024-05-24 01:35:20 +0000"
    },
    "done": true
  },
  "alexsmobs:alexsmobs/seagull_steal": {
    "criteria": {
      "ex": "2024-05-24 01:37:08 +0000"
    },
    "done": true
  },
  "minecraft:recipes/misc/copper_ingot_from_blasting_raw_copper": {
    "criteria": {
      "has_raw_copper": "2024-05-24 01:37:41 +0000"
    },
    "done": true
  },
  "minecraft:recipes/building_blocks/raw_copper_block": {
    "criteria": {
      "has_raw_copper": "2024-05-24 01:37:41 +0000"
    },
    "done": true
  },
  "minecraft:recipes/misc/copper_ingot_from_smelting_raw_copper": {
    "criteria": {
      "has_raw_copper": "2024-05-24 01:37:41 +0000"
    },
    "done": true
  },
  "valhelsia_furniture:recipes/decorations/gray_upholstered_spruce_chair": {
    "criteria": {
      "has_gray_wool": "2024-05-24 01:40:13 +0000"
    },
    "done": true
  },
  "valhelsia_furniture:recipes/decorations/gray_upholstered_spruce_stool": {
    "criteria": {
      "has_gray_wool": "2024-05-24 01:40:13 +0000"
    },
    "done": true
  },
  "valhelsia_furniture:recipes/decorations/gray_upholstered_birch_chair": {
    "criteria": {
      "has_gray_wool": "2024-05-24 01:40:13 +0000"
    },
    "done": true
  },
  "valhelsia_furniture:recipes/decorations/gray_upholstered_acacia_stool": {
    "criteria": {
      "has_gray_wool": "2024-05-24 01:40:13 +0000"
    },
    "done": true
  },
  "minecraft:recipes/decorations/gray_carpet": {
    "criteria": {
      "has_gray_wool": "2024-05-24 01:40:13 +0000"
    },
    "done": true
  },
  "valhelsia_furniture:recipes/decorations/gray_spruce_chair": {
    "criteria": {
      "has_gray_wool": "2024-05-24 01:40:13 +0000"
    },
    "done": true
  },
  "valhelsia_furniture:recipes/decorations/gray_fabric_desk_lamp": {
    "criteria": {
      "has_gray_wool": "2024-05-24 01:40:13 +0000"
    },
    "done": true
  },
  "valhelsia_furniture:recipes/decorations/gray_upholstered_birch_stool": {
    "criteria": {
      "has_gray_wool": "2024-05-24 01:40:13 +0000"
    },
    "done": true
  },
  "valhelsia_furniture:recipes/decorations/gray_upholstered_oak_stool": {
    "criteria": {
      "has_gray_wool": "2024-05-24 01:40:13 +0000"
    },
    "done": true
  },
  "valhelsia_furniture:recipes/decorations/gray_birch_chair": {
    "criteria": {
      "has_gray_wool": "2024-05-24 01:40:13 +0000"
    },
    "done": true
  },
  "valhelsia_furniture:recipes/decorations/gray_upholstered_cherry_chair": {
    "criteria": {
      "has_gray_wool": "2024-05-24 01:40:13 +0000"
    },
    "done": true
  },
  "valhelsia_furniture:recipes/decorations/gray_upholstered_cherry_stool": {
    "criteria": {
      "has_gray_wool": "2024-05-24 01:40:13 +0000"
    },
    "done": true
  },
  "valhelsia_furniture:recipes/decorations/gray_upholstered_crimson_chair": {
    "criteria": {
      "has_gray_wool": "2024-05-24 01:40:13 +0000"
    },
    "done": true
  },
  "valhelsia_furniture:recipes/decorations/gray_curtain": {
    "criteria": {
      "has_item": "2024-05-24 01:40:13 +0000"
    },
    "done": true
  },
  "valhelsia_furniture:recipes/decorations/gray_cherry_chair": {
    "criteria": {
      "has_gray_wool": "2024-05-24 01:40:13 +0000"
    },
    "done": true
  },
  "valhelsia_furniture:recipes/decorations/gray_upholstered_crimson_stool": {
    "criteria": {
      "has_gray_wool": "2024-05-24 01:40:13 +0000"
    },
    "done": true
  },
  "valhelsia_furniture:recipes/decorations/gray_dark_oak_chair": {
    "criteria": {
      "has_gray_wool": "2024-05-24 01:40:13 +0000"
    },
    "done": true
  },
  "cfm:recipes/decorations/gray_sofa": {
    "criteria": {
      "has_wool": "2024-05-24 01:40:13 +0000"
    },
    "done": true
  },
  "cfm:recipes/decorations/gray_trampoline": {
    "criteria": {
      "has_wool": "2024-05-24 01:40:13 +0000"
    },
    "done": true
  },
  "minecraft:recipes/decorations/gray_banner": {
    "criteria": {
      "has_gray_wool": "2024-05-24 01:40:13 +0000"
    },
    "done": true
  },
  "valhelsia_furniture:recipes/decorations/gray_upholstered_dark_oak_stool": {
    "criteria": {
      "has_gray_wool": "2024-05-24 01:40:13 +0000"
    },
    "done": true
  },
  "valhelsia_furniture:recipes/decorations/gray_upholstered_dark_oak_chair": {
    "criteria": {
      "has_gray_wool": "2024-05-24 01:40:13 +0000"
    },
    "done": true
  },
  "minecraft:recipes/decorations/gray_bed": {
    "criteria": {
      "has_gray_wool": "2024-05-24 01:40:13 +0000"
    },
    "done": true
  },
  "valhelsia_furniture:recipes/decorations/gray_oak_chair": {
    "criteria": {
      "has_gray_wool": "2024-05-24 01:40:13 +0000"
    },
    "done": true
  },
  "comforts:hammock_gray": {
    "criteria": {
      "has_gray_wool": "2024-05-24 01:40:13 +0000"
    },
    "done": true
  },
  "valhelsia_furniture:recipes/decorations/gray_upholstered_jungle_chair": {
    "criteria": {
      "has_gray_wool": "2024-05-24 01:40:13 +0000"
    },
    "done": true
  },
  "valhelsia_furniture:recipes/decorations/gray_warped_chair": {
    "criteria": {
      "has_gray_wool": "2024-05-24 01:40:13 +0000"
    },
    "done": true
  },
  "valhelsia_furniture:recipes/decorations/gray_mangrove_chair": {
    "criteria": {
      "has_gray_wool": "2024-05-24 01:40:13 +0000"
    },
    "done": true
  },
  "comforts:sleeping_bag_gray": {
    "criteria": {
      "has_gray_wool": "2024-05-24 01:40:13 +0000"
    },
    "done": true
  },
  "valhelsia_furniture:recipes/decorations/gray_crimson_chair": {
    "criteria": {
      "has_gray_wool": "2024-05-24 01:40:13 +0000"
    },
    "done": true
  },
  "valhelsia_furniture:recipes/decorations/gray_upholstered_oak_chair": {
    "criteria": {
      "has_gray_wool": "2024-05-24 01:40:13 +0000"
    },
    "done": true
  },
  "valhelsia_furniture:recipes/decorations/gray_upholstered_warped_chair": {
    "criteria": {
      "has_gray_wool": "2024-05-24 01:40:13 +0000"
    },
    "done": true
  },
  "valhelsia_furniture:recipes/decorations/gray_upholstered_mangrove_stool": {
    "criteria": {
      "has_gray_wool": "2024-05-24 01:40:13 +0000"
    },
    "done": true
  },
  "valhelsia_furniture:recipes/decorations/gray_upholstered_mangrove_chair": {
    "criteria": {
      "has_gray_wool": "2024-05-24 01:40:13 +0000"
    },
    "done": true
  },
  "valhelsia_furniture:recipes/decorations/gray_upholstered_jungle_stool": {
    "criteria": {
      "has_gray_wool": "2024-05-24 01:40:13 +0000"
    },
    "done": true
  },
  "valhelsia_furniture:recipes/decorations/gray_jungle_chair": {
    "criteria": {
      "has_gray_wool": "2024-05-24 01:40:13 +0000"
    },
    "done": true
  },
  "valhelsia_furniture:recipes/decorations/gray_upholstered_warped_stool": {
    "criteria": {
      "has_gray_wool": "2024-05-24 01:40:13 +0000"
    },
    "done": true
  },
  "valhelsia_structures:recipes/decorations/gray_sleeping_bag": {
    "criteria": {
      "has_gray_wool": "2024-05-24 01:40:13 +0000"
    },
    "done": true
  },
  "aether:recipes/tools/fishing_rod_repairing": {
    "criteria": {
      "has_fishing_rod": "2024-05-24 01:42:25 +0000"
    },
    "done": true
  },
  "aether:recipes/decorations/skyroot_loom": {
    "criteria": {
      "has_string": "2024-05-24 01:42:26 +0000"
    },
    "done": true
  },
  "beautify:rope": {
    "criteria": {
      "requirement": "2024-05-24 01:42:26 +0000"
    },
    "done": true
  },
  "minecraft:recipes/redstone/tripwire_hook": {
    "criteria": {
      "has_string": "2024-05-24 01:42:26 +0000"
    },
    "done": true
  },
  "minecraft:recipes/decorations/candle": {
    "criteria": {
      "has_string": "2024-05-24 01:42:26 +0000"
    },
    "done": true
  },
  "aether:recipes/redstone/skyroot_tripwire_hook": {
    "criteria": {
      "has_string": "2024-05-24 01:42:26 +0000"
    },
    "done": true
  },
  "minecraft:recipes/combat/crossbow": {
    "criteria": {
      "has_string": "2024-05-24 01:42:26 +0000"
    },
    "done": true
  },
  "minecraft:recipes/combat/bow": {
    "criteria": {
      "has_string": "2024-05-24 01:42:26 +0000"
    },
    "done": true
  },
  "minecraft:recipes/tools/fishing_rod": {
    "criteria": {
      "has_string": "2024-05-24 01:42:26 +0000"
    },
    "done": true
  },
  "minecraft:recipes/building_blocks/white_wool_from_string": {
    "criteria": {
      "has_string": "2024-05-24 01:42:26 +0000"
    },
    "done": true
  },
  "minecraft:recipes/decorations/loom": {
    "criteria": {
      "has_string": "2024-05-24 01:42:26 +0000"
    },
    "done": true
  },
  "minecraft:recipes/building_blocks/emerald_block": {
    "criteria": {
      "has_emerald": "2024-05-24 01:42:27 +0000"
    },
    "done": true
  },
  "dungeons_arise:find_illager_corsair_or_illager_galley": {
    "criteria": {
      "location1": "2024-05-24 01:43:28 +0000"
    },
    "done": true
  },
  "minecraft:adventure/kill_all_mobs": {
    "criteria": {
      "minecraft:pillager": "2024-05-24 01:43:59 +0000",
      "minecraft:vindicator": "2024-05-24 01:56:26 +0000",
      "minecraft:zombie": "2024-05-24 01:47:47 +0000"
    },
    "done": false
  },
  "minecraft:adventure/kill_a_mob": {
    "criteria": {
      "minecraft:pillager": "2024-05-24 01:43:59 +0000"
    },
    "done": true
  },
  "aether:recipes/combat/iron_pendant": {
    "criteria": {
      "has_iron_ingot": "2024-05-24 01:55:44 +0000"
    },
    "done": true
  },
  "cfm:recipes/decorations/blue_grill": {
    "criteria": {
      "has_iron": "2024-05-24 01:55:44 +0000"
    },
    "done": true
  },
  "cfm:recipes/decorations/light_blue_grill": {
    "criteria": {
      "has_iron": "2024-05-24 01:55:44 +0000"
    },
    "done": true
  },
  "cfm:recipes/decorations/brown_grill": {
    "criteria": {
      "has_iron": "2024-05-24 01:55:44 +0000"
    },
    "done": true
  },
  "minecraft:recipes/combat/iron_helmet": {
    "criteria": {
      "has_iron_ingot": "2024-05-24 01:55:44 +0000"
    },
    "done": true
  },
  "immersive_aircraft:misc/aircraftery": {
    "criteria": {
      "has_item": "2024-05-24 01:55:44 +0000"
    },
    "done": true
  },
  "cfm:recipes/decorations/fridge_dark": {
    "criteria": {
      "has_iron": "2024-05-24 01:55:44 +0000"
    },
    "done": true
  },
  "cfm:recipes/decorations/black_trampoline": {
    "criteria": {
      "has_iron": "2024-05-24 01:55:44 +0000"
    },
    "done": true
  },
  "minecraft:recipes/tools/shears": {
    "criteria": {
      "has_iron_ingot": "2024-05-24 01:55:44 +0000"
    },
    "done": true
  },
  "cfm:recipes/decorations/yellow_grill": {
    "criteria": {
      "has_iron": "2024-05-24 01:55:44 +0000"
    },
    "done": true
  },
  "valhelsia_structures:recipes/building_blocks/white_metal_framed_glass": {
    "criteria": {
      "has_ingots/iron": "2024-05-24 01:55:44 +0000"
    },
    "done": true
  },
  "cfm:recipes/decorations/fridge_light": {
    "criteria": {
      "has_iron": "2024-05-24 01:55:44 +0000"
    },
    "done": true
  },
  "minecraft:recipes/building_blocks/iron_block": {
    "criteria": {
      "has_iron_ingot": "2024-05-24 01:55:44 +0000"
    },
    "done": true
  },
  "beautify:iron_blinds": {
    "criteria": {
      "requirement": "2024-05-24 01:55:44 +0000"
    },
    "done": true
  },
  "valhelsia_structures:recipes/building_blocks/metal_framed_glass": {
    "criteria": {
      "has_ingots/iron": "2024-05-24 01:55:44 +0000"
    },
    "done": true
  },
  "cfm:recipes/decorations/blue_trampoline": {
    "criteria": {
      "has_iron": "2024-05-24 01:55:44 +0000"
    },
    "done": true
  },
  "cfm:recipes/decorations/lime_trampoline": {
    "criteria": {
      "has_iron": "2024-05-24 01:55:44 +0000"
    },
    "done": true
  },
  "valhelsia_structures:recipes/building_blocks/cyan_metal_framed_glass": {
    "criteria": {
      "has_ingots/iron": "2024-05-24 01:55:44 +0000"
    },
    "done": true
  },
  "cfm:recipes/decorations/white_grill": {
    "criteria": {
      "has_iron": "2024-05-24 01:55:44 +0000"
    },
    "done": true
  },
  "minecraft:recipes/redstone/hopper": {
    "criteria": {
      "has_iron_ingot": "2024-05-24 01:55:44 +0000"
    },
    "done": true
  },
  "cfm:recipes/decorations/yellow_trampoline": {
    "criteria": {
      "has_iron": "2024-05-24 01:55:44 +0000"
    },
    "done": true
  },
  "aether:recipes/combat/iron_gloves": {
    "criteria": {
      "has_iron": "2024-05-24 01:55:44 +0000"
    },
    "done": true
  },
  "cfm:recipes/decorations/orange_trampoline": {
    "criteria": {
      "has_iron": "2024-05-24 01:55:44 +0000"
    },
    "done": true
  },
  "valhelsia_structures:recipes/building_blocks/purple_metal_framed_glass": {
    "criteria": {
      "has_ingots/iron": "2024-05-24 01:55:44 +0000"
    },
    "done": true
  },
  "minecraft:recipes/combat/iron_boots": {
    "criteria": {
      "has_iron_ingot": "2024-05-24 01:55:44 +0000"
    },
    "done": true
  },
  "minecraft:recipes/decorations/lantern": {
    "criteria": {
      "has_iron_ingot": "2024-05-24 01:55:44 +0000"
    },
    "done": true
  },
  "cfm:recipes/decorations/gray_grill": {
    "criteria": {
      "has_iron": "2024-05-24 01:55:44 +0000"
    },
    "done": true
  },
  "cfm:recipes/decorations/red_trampoline": {
    "criteria": {
      "has_iron": "2024-05-24 01:55:44 +0000"
    },
    "done": true
  },
  "minecraft:recipes/tools/iron_shovel": {
    "criteria": {
      "has_iron_ingot": "2024-05-24 01:55:44 +0000"
    },
    "done": true
  },
  "cfm:recipes/decorations/magenta_grill": {
    "criteria": {
      "has_iron": "2024-05-24 01:55:44 +0000"
    },
    "done": true
  },
  "valhelsia_structures:recipes/building_blocks/pink_metal_framed_glass": {
    "criteria": {
      "has_ingots/iron": "2024-05-24 01:55:44 +0000"
    },
    "done": true
  },
  "cfm:recipes/decorations/pink_grill": {
    "criteria": {
      "has_iron": "2024-05-24 01:55:44 +0000"
    },
    "done": true
  },
  "valhelsia_structures:recipes/building_blocks/light_gray_metal_framed_glass": {
    "criteria": {
      "has_ingots/iron": "2024-05-24 01:55:44 +0000"
    },
    "done": true
  },
  "cfm:recipes/decorations/brown_trampoline": {
    "criteria": {
      "has_iron": "2024-05-24 01:55:44 +0000"
    },
    "done": true
  },
  "cfm:recipes/decorations/black_grill": {
    "criteria": {
      "has_iron": "2024-05-24 01:55:44 +0000"
    },
    "done": true
  },
  "minecraft:recipes/redstone/iron_trapdoor": {
    "criteria": {
      "has_iron_ingot": "2024-05-24 01:55:44 +0000"
    },
    "done": true
  },
  "cfm:recipes/decorations/light_blue_trampoline": {
    "criteria": {
      "has_iron": "2024-05-24 01:55:44 +0000"
    },
    "done": true
  },
  "valhelsia_structures:recipes/building_blocks/orange_metal_framed_glass": {
    "criteria": {
      "has_ingots/iron": "2024-05-24 01:55:44 +0000"
    },
    "done": true
  },
  "valhelsia_structures:recipes/building_blocks/lime_metal_framed_glass": {
    "criteria": {
      "has_ingots/iron": "2024-05-24 01:55:44 +0000"
    },
    "done": true
  },
  "minecraft:recipes/redstone/heavy_weighted_pressure_plate": {
    "criteria": {
      "has_iron_ingot": "2024-05-24 01:55:44 +0000"
    },
    "done": true
  },
  "valhelsia_structures:recipes/building_blocks/light_blue_metal_framed_glass": {
    "criteria": {
      "has_ingots/iron": "2024-05-24 01:55:44 +0000"
    },
    "done": true
  },
  "minecraft:recipes/combat/iron_leggings": {
    "criteria": {
      "has_iron_ingot": "2024-05-24 01:55:44 +0000"
    },
    "done": true
  },
  "minecraft:recipes/combat/iron_chestplate": {
    "criteria": {
      "has_iron_ingot": "2024-05-24 01:55:44 +0000"
    },
    "done": true
  },
  "minecraft:recipes/misc/iron_nugget": {
    "criteria": {
      "has_iron_ingot": "2024-05-24 01:55:44 +0000"
    },
    "done": true
  },
  "cfm:recipes/decorations/light_gray_grill": {
    "criteria": {
      "has_iron": "2024-05-24 01:55:44 +0000"
    },
    "done": true
  },
  "cfm:recipes/decorations/green_grill": {
    "criteria": {
      "has_iron": "2024-05-24 01:55:44 +0000"
    },
    "done": true
  },
  "minecraft:recipes/misc/bucket": {
    "criteria": {
      "has_iron_ingot": "2024-05-24 01:55:44 +0000"
    },
    "done": true
  },
  "minecraft:recipes/transportation/minecart": {
    "criteria": {
      "has_iron_ingot": "2024-05-24 01:55:44 +0000"
    },
    "done": true
  },
  "minecraft:recipes/tools/iron_hoe": {
    "criteria": {
      "has_iron_ingot": "2024-05-24 01:55:44 +0000"
    },
    "done": true
  },
  "cfm:recipes/tools/spatula": {
    "criteria": {
      "has_iron": "2024-05-24 01:55:44 +0000"
    },
    "done": true
  },
  "cfm:recipes/decorations/pink_trampoline": {
    "criteria": {
      "has_iron": "2024-05-24 01:55:44 +0000"
    },
    "done": true
  },
  "cfm:recipes/decorations/purple_grill": {
    "criteria": {
      "has_iron": "2024-05-24 01:55:44 +0000"
    },
    "done": true
  },
  "minecraft:story/smelt_iron": {
    "criteria": {
      "iron": "2024-05-24 01:55:44 +0000"
    },
    "done": true
  },
  "valhelsia_structures:recipes/building_blocks/black_metal_framed_glass": {
    "criteria": {
      "has_ingots/iron": "2024-05-24 01:55:44 +0000"
    },
    "done": true
  },
  "minecraft:recipes/decorations/chain": {
    "criteria": {
      "has_iron_ingot": "2024-05-24 01:55:44 +0000"
    },
    "done": true
  },
  "minecraft:recipes/decorations/smithing_table": {
    "criteria": {
      "has_iron_ingot": "2024-05-24 01:55:44 +0000"
    },
    "done": true
  },
  "valhelsia_structures:recipes/building_blocks/gray_metal_framed_glass": {
    "criteria": {
      "has_ingots/iron": "2024-05-24 01:55:44 +0000"
    },
    "done": true
  },
  "cfm:recipes/decorations/light_gray_trampoline": {
    "criteria": {
      "has_iron": "2024-05-24 01:55:44 +0000"
    },
    "done": true
  },
  "minecraft:recipes/combat/iron_sword": {
    "criteria": {
      "has_iron_ingot": "2024-05-24 01:55:44 +0000"
    },
    "done": true
  },
  "minecraft:recipes/tools/iron_pickaxe": {
    "criteria": {
      "has_iron_ingot": "2024-05-24 01:55:44 +0000"
    },
    "done": true
  },
  "valhelsia_structures:recipes/building_blocks/blue_metal_framed_glass": {
    "criteria": {
      "has_ingots/iron": "2024-05-24 01:55:44 +0000"
    },
    "done": true
  },
  "minecraft:recipes/combat/shield": {
    "criteria": {
      "has_iron_ingot": "2024-05-24 01:55:44 +0000"
    },
    "done": true
  },
  "minecraft:recipes/decorations/iron_bars": {
    "criteria": {
      "has_iron_ingot": "2024-05-24 01:55:44 +0000"
    },
    "done": true
  },
  "cfm:recipes/decorations/post_box": {
    "criteria": {
      "has_iron": "2024-05-24 01:55:44 +0000"
    },
    "done": true
  },
  "aether:recipes/decorations/skyroot_smithing_table": {
    "criteria": {
      "has_iron_ingot": "2024-05-24 01:55:44 +0000"
    },
    "done": true
  },
  "aether:recipes/combat/skyroot_iron_vanilla_shield": {
    "criteria": {
      "has_iron_ingot": "2024-05-24 01:55:44 +0000"
    },
    "done": true
  },
  "cfm:recipes/decorations/cyan_trampoline": {
    "criteria": {
      "has_iron": "2024-05-24 01:55:44 +0000"
    },
    "done": true
  },
  "valhelsia_structures:recipes/building_blocks/red_metal_framed_glass": {
    "criteria": {
      "has_ingots/iron": "2024-05-24 01:55:44 +0000"
    },
    "done": true
  },
  "valhelsia_structures:recipes/building_blocks/green_metal_framed_glass": {
    "criteria": {
      "has_ingots/iron": "2024-05-24 01:55:44 +0000"
    },
    "done": true
  },
  "valhelsia_structures:recipes/building_blocks/magenta_metal_framed_glass": {
    "criteria": {
      "has_ingots/iron": "2024-05-24 01:55:44 +0000"
    },
    "done": true
  },
  "cfm:recipes/decorations/purple_trampoline": {
    "criteria": {
      "has_iron": "2024-05-24 01:55:44 +0000"
    },
    "done": true
  },
  "aether:recipes/combat/iron_ring": {
    "criteria": {
      "has_iron_ingot": "2024-05-24 01:55:44 +0000"
    },
    "done": true
  },
  "cfm:recipes/decorations/green_trampoline": {
    "criteria": {
      "has_iron": "2024-05-24 01:55:44 +0000"
    },
    "done": true
  },
  "cfm:recipes/decorations/cyan_grill": {
    "criteria": {
      "has_iron": "2024-05-24 01:55:44 +0000"
    },
    "done": true
  },
  "cfm:recipes/decorations/orange_grill": {
    "criteria": {
      "has_iron": "2024-05-24 01:55:44 +0000"
    },
    "done": true
  },
  "minecraft:recipes/tools/iron_axe": {
    "criteria": {
      "has_iron_ingot": "2024-05-24 01:55:44 +0000"
    },
    "done": true
  },
  "cfm:recipes/decorations/magenta_trampoline": {
    "criteria": {
      "has_iron": "2024-05-24 01:55:44 +0000"
    },
    "done": true
  },
  "valhelsia_structures:recipes/building_blocks/brown_metal_framed_glass": {
    "criteria": {
      "has_ingots/iron": "2024-05-24 01:55:44 +0000"
    },
    "done": true
  },
  "cfm:recipes/decorations/lime_grill": {
    "criteria": {
      "has_iron": "2024-05-24 01:55:44 +0000"
    },
    "done": true
  },
  "valhelsia_structures:recipes/building_blocks/yellow_metal_framed_glass": {
    "criteria": {
      "has_ingots/iron": "2024-05-24 01:55:44 +0000"
    },
    "done": true
  },
  "minecraft:recipes/redstone/iron_door": {
    "criteria": {
      "has_iron_ingot": "2024-05-24 01:55:44 +0000"
    },
    "done": true
  },
  "cfm:recipes/decorations/red_grill": {
    "criteria": {
      "has_iron": "2024-05-24 01:55:44 +0000"
    },
    "done": true
  },
  "minecraft:recipes/combat/diamond_sword": {
    "criteria": {
      "has_diamond": "2024-05-24 01:55:54 +0000"
    },
    "done": true
  },
  "minecraft:recipes/decorations/jukebox": {
    "criteria": {
      "has_diamond": "2024-05-24 01:55:54 +0000"
    },
    "done": true
  },
  "minecraft:recipes/combat/diamond_chestplate": {
    "criteria": {
      "has_diamond": "2024-05-24 01:55:54 +0000"
    },
    "done": true
  },
  "minecraft:recipes/tools/diamond_pickaxe": {
    "criteria": {
      "has_diamond": "2024-05-24 01:55:54 +0000"
    },
    "done": true
  },
  "minecraft:recipes/tools/diamond_hoe": {
    "criteria": {
      "has_diamond": "2024-05-24 01:55:54 +0000"
    },
    "done": true
  },
  "minecraft:recipes/tools/diamond_shovel": {
    "criteria": {
      "has_diamond": "2024-05-24 01:55:54 +0000"
    },
    "done": true
  },
  "minecraft:recipes/combat/diamond_helmet": {
    "criteria": {
      "has_diamond": "2024-05-24 01:55:54 +0000"
    },
    "done": true
  },
  "aether:recipes/combat/diamond_gloves": {
    "criteria": {
      "has_diamond": "2024-05-24 01:55:54 +0000"
    },
    "done": true
  },
  "minecraft:recipes/building_blocks/diamond_block": {
    "criteria": {
      "has_diamond": "2024-05-24 01:55:54 +0000"
    },
    "done": true
  },
  "minecraft:story/mine_diamond": {
    "criteria": {
      "diamond": "2024-05-24 01:55:54 +0000"
    },
    "done": true
  },
  "minecraft:recipes/combat/diamond_leggings": {
    "criteria": {
      "has_diamond": "2024-05-24 01:55:54 +0000"
    },
    "done": true
  },
  "aether:recipes/decorations/skyroot_jukebox": {
    "criteria": {
      "has_diamond": "2024-05-24 01:55:54 +0000"
    },
    "done": true
  },
  "minecraft:recipes/combat/diamond_boots": {
    "criteria": {
      "has_diamond": "2024-05-24 01:55:54 +0000"
    },
    "done": true
  },
  "minecraft:recipes/tools/diamond_axe": {
    "criteria": {
      "has_diamond": "2024-05-24 01:55:54 +0000"
    },
    "done": true
  },
  "minecraft:recipes/tools/golden_axe": {
    "criteria": {
      "has_gold_ingot": "2024-05-24 01:55:56 +0000"
    },
    "done": true
  },
  "minecraft:recipes/tools/golden_pickaxe": {
    "criteria": {
      "has_gold_ingot": "2024-05-24 01:55:56 +0000"
    },
    "done": true
  },
  "minecraft:recipes/misc/gold_nugget": {
    "criteria": {
      "has_gold_ingot": "2024-05-24 01:55:56 +0000"
    },
    "done": true
  },
  "minecraft:recipes/tools/golden_shovel": {
    "criteria": {
      "has_gold_ingot": "2024-05-24 01:55:56 +0000"
    },
    "done": true
  },
  "minecraft:recipes/food/golden_apple": {
    "criteria": {
      "has_gold_ingot": "2024-05-24 01:55:56 +0000"
    },
    "done": true
  },
  "minecraft:recipes/combat/golden_boots": {
    "criteria": {
      "has_gold_ingot": "2024-05-24 01:55:56 +0000"
    },
    "done": true
  },
  "minecraft:recipes/combat/golden_chestplate": {
    "criteria": {
      "has_gold_ingot": "2024-05-24 01:55:56 +0000"
    },
    "done": true
  },
  "minecraft:recipes/redstone/light_weighted_pressure_plate": {
    "criteria": {
      "has_gold_ingot": "2024-05-24 01:55:56 +0000"
    },
    "done": true
  },
  "aether:recipes/combat/golden_ring": {
    "criteria": {
      "has_gold_ingot": "2024-05-24 01:55:56 +0000"
    },
    "done": true
  },
  "minecraft:recipes/combat/golden_sword": {
    "criteria": {
      "has_gold_ingot": "2024-05-24 01:55:56 +0000"
    },
    "done": true
  },
  "minecraft:recipes/building_blocks/gold_block": {
    "criteria": {
      "has_gold_ingot": "2024-05-24 01:55:56 +0000"
    },
    "done": true
  },
  "minecraft:recipes/combat/golden_helmet": {
    "criteria": {
      "has_gold_ingot": "2024-05-24 01:55:56 +0000"
    },
    "done": true
  },
  "aether:recipes/combat/golden_gloves": {
    "criteria": {
      "has_gold": "2024-05-24 01:55:56 +0000"
    },
    "done": true
  },
  "minecraft:recipes/tools/golden_hoe": {
    "criteria": {
      "has_gold_ingot": "2024-05-24 01:55:56 +0000"
    },
    "done": true
  },
  "aether:recipes/combat/golden_pendant": {
    "criteria": {
      "has_gold_ingot": "2024-05-24 01:55:56 +0000"
    },
    "done": true
  },
  "minecraft:recipes/combat/golden_leggings": {
    "criteria": {
      "has_gold_ingot": "2024-05-24 01:55:56 +0000"
    },
    "done": true
  },
  "regions_unexplored:recipes/building_blocks/ash": {
    "criteria": {
      "has_gunpowder": "2024-05-24 01:55:58 +0000"
    },
    "done": true
  },
  "minecraft:recipes/misc/firework_rocket_simple": {
    "criteria": {
      "has_gunpowder": "2024-05-24 01:55:58 +0000"
    },
    "done": true
  },
  "minecraft:recipes/redstone/tnt": {
    "criteria": {
      "has_gunpowder": "2024-05-24 01:55:58 +0000"
    },
    "done": true
  },
  "biomesoplenty:recipes/misc/purple_dye_from_tall_lavender": {
    "criteria": {
      "has_flower": "2024-05-24 01:58:09 +0000"
    },
    "done": true
  },
  "incendium:technical/sentrys_wrath": {
    "criteria": {
      "log_spam_fixer": "2024-05-24 02:08:14 +0000"
    },
    "done": false
  },
  "incendium:technical/on_player_hurt": {
    "criteria": {
      "log_spam_fixer": "2024-05-24 02:08:14 +0000"
    },
    "done": false
  },
  "incendium:technical/on_kill": {
    "criteria": {
      "log_spam_fixer": "2024-05-24 02:08:14 +0000"
    },
    "done": false
  },
  "incendium:technical/on_inventory_change": {
    "criteria": {
      "log_spam_fixer": "2024-05-24 02:08:14 +0000"
    },
    "done": false
  },
  "incendium:technical/holy_wrath": {
    "criteria": {
      "log_spam_fixer": "2024-05-24 02:08:14 +0000"
    },
    "done": false
  },
  "incendium:technical/on_block": {
    "criteria": {
      "log_spam_fixer": "2024-05-24 02:08:14 +0000"
    },
    "done": false
  },
  "incendium:technical/inventory/sentrys_wrath": {
    "criteria": {
      "log_spam_fixer": "2024-05-24 02:08:14 +0000"
    },
    "done": false
  },
  "incendium:technical/feed_ghastling": {
    "criteria": {
      "log_spam_fixer": "2024-05-24 02:08:14 +0000"
    },
    "done": false
  },
  "incendium:technical/firestorm": {
    "criteria": {
      "log_spam_fixer": "2024-05-24 02:08:14 +0000"
    },
    "done": false
  },
  "incendium:technical/inventory/firestorm": {
    "criteria": {
      "log_spam_fixer": "2024-05-24 02:08:14 +0000"
    },
    "done": false
  },
  "incendium:technical/give_ghastling": {
    "criteria": {
      "log_spam_fixer": "2024-05-24 02:08:14 +0000"
    },
    "done": false
  },
  "incendium:technical/multiplex_crossbow": {
    "criteria": {
      "log_spam_fixer": "2024-05-24 02:08:14 +0000"
    },
    "done": false
  },
  "DataVersion": 3465
}