{
  "minecraft:recipes/misc/charcoal": {
    "criteria": {
      "has_log": "2024-05-22 04:04:46 +0000"
    },
    "done": true
  },
  "minecraft:recipes/decorations/crafting_table": {
    "criteria": {
      "unlock_right_away": "2024-05-22 04:02:39 +0000"
    },
    "done": true
  },
  "minecraft:recipes/building_blocks/oak_planks": {
    "criteria": {
      "has_logs": "2024-05-22 04:04:46 +0000"
    },
    "done": true
  },
  "minecraft:adventure/adventuring_time": {
    "criteria": {
      "minecraft:forest": "2024-05-22 04:02:40 +0000",
      "minecraft:old_growth_birch_forest": "2024-05-22 04:02:53 +0000"
    },
    "done": false
  },
  "minecraft:recipes/building_blocks/oak_wood": {
    "criteria": {
      "has_log": "2024-05-22 04:04:46 +0000"
    },
    "done": true
  },
  "DataVersion": 3465
}